refund_id,order_id,amount_cents
R000001,O000002,9371
R000002,O000005,4125
R000003,O000021,26118
R000004,O000041,78394
R000005,O000078,22522
R000006,O000105,13236
R000007,O000116,2964
R000008,O000142,18082
R000009,O000181,40110
R000010,O000185,33673
R000011,O000186,9437
R000012,O000197,32383
R000013,O000203,18849
R000014,O000204,33502
R000015,O000233,17061
R000016,O000240,10673
R000017,O000248,40741
R000018,O000280,18058
R000019,O000288,3330
R000020,O000294,18531
R000021,O000301,39850
R000022,O000311,14652
R000023,O000332,30026
R000024,O000344,40751
R000025,O000377,23301
R000026,O000390,4003
R000027,O000421,17628
R000028,O000431,786
R000029,O000450,71834
R000030,O000459,8522
R000031,O000462,51603
R000032,O000471,28057
R000033,O000482,2576
R000034,O000491,12741
R000035,O000497,85939
R000036,O000536,20769
R000037,O000543,16734
R000038,O000548,28320
R000039,O000558,14492
R000040,O000560,34964
R000041,O000564,25982
R000042,O000574,3706
R000043,O000586,23341
R000044,O000592,11914
R000045,O000610,14417
R000046,O000620,38525
R000047,O000633,38646
R000048,O000653,18264
R000049,O000658,16999
R000050,O000668,13964
R000051,O000673,6161
R000052,O000675,45180
R000053,O000682,21927
R000054,O000689,75230
R000055,O000692,4051
R000056,O000701,14600
R000057,O000716,68550
R000058,O000724,15496
R000059,O000729,9226
R000060,O000754,5618
R000061,O000767,14027
R000062,O000768,68301
R000063,O000777,15028
R000064,O000784,22462
R000065,O000789,3367
R000066,O000798,24474
R000067,O000817,52478
R000068,O000820,37964
R000069,O000854,15770
R000070,O000866,27030
R000071,O000869,38170
R000072,O000873,41302
R000073,O000874,3126
R000074,O000879,4114
R000075,O000920,73782
R000076,O000921,21028
R000077,O000926,3159
R000078,O000959,19834
R000079,O000965,9209
R000080,O000997,4067
R000081,O000999,25546
R000082,O001010,63792
R000083,O001015,6784
R000084,O001031,5332
R000085,O001034,20630
R000086,O001073,69358
R000087,O001075,35141
R000088,O001077,12274
R000089,O001114,7052
R000090,O001128,7368
R000091,O001164,36126
R000092,O001181,10368
R000093,O001207,1385
R000094,O001211,3659
R000095,O001215,17519
R000096,O001225,67887
R000097,O001226,5456
R000098,O001227,30029
R000099,O001234,68279
R000100,O001254,16695
R000101,O001260,14828
R000102,O001266,4450
R000103,O001271,11989
R000104,O001286,24440
R000105,O001293,71224
R000106,O001304,10789
R000107,O001309,20059
R000108,O001328,18431
R000109,O001339,3931
R000110,O001344,17924
R000111,O001350,14208
R000112,O001366,17770
R000113,O001382,70324
R000114,O001383,78134
R000115,O001384,21724
R000116,O001441,16657
R000117,O001444,41564
R000118,O001464,6964
R000119,O001485,4009
R000120,O001489,28938
R000121,O001492,13486
R000122,O001523,21098
R000123,O001542,11460
R000124,O001567,18069
R000125,O001586,20604
R000126,O001590,23890
R000127,O001594,64504
R000128,O001598,4875
R000129,O001613,5361
R000130,O001637,23211
R000131,O001644,13617
R000132,O001653,32572
R000133,O001682,11232
R000134,O001712,39830
R000135,O001717,58759
R000136,O001724,1327
R000137,O001750,12409
R000138,O001751,32527
R000139,O001753,72794
R000140,O001782,14045
R000141,O001806,5871
R000142,O001826,38715
R000143,O001832,13923
R000144,O001833,3771
R000145,O001839,13189
R000146,O001862,34693
R000147,O001869,16323
R000148,O001871,5586
R000149,O001872,51887
R000150,O001890,3576
R000151,O001905,26723
R000152,O001907,5342
R000153,O001910,9261
R000154,O001938,63784
R000155,O001958,31829
R000156,O001960,11668
R000157,O001963,13870
R000158,O001970,85672
R000159,O001982,42719
R000160,O001983,4680
R000161,O001999,8283
R000162,O002005,19037
R000163,O002047,4322
R000164,O002056,34149
R000165,O002057,25905
R000166,O002060,35211
R000167,O002063,21318
R000168,O002072,14079
R000169,O002074,3244
R000170,O002082,13088
R000171,O002115,27019
R000172,O002187,32309
R000173,O002209,13832
R000174,O002215,16919
R000175,O002216,74774
R000176,O002233,7175
R000177,O002238,21706
R000178,O002246,3620
R000179,O002255,71749
R000180,O002276,19920
R000181,O002284,26788
R000182,O002296,36027
R000183,O002297,29726
R000184,O002304,42291
R000185,O002318,28167
R000186,O002321,3839
R000187,O002354,25155
R000188,O002402,3763
R000189,O002409,3455
R000190,O002413,19759
R000191,O002417,41553
R000192,O002421,18503
R000193,O002434,82605
R000194,O002442,9678
R000195,O002447,12145
R000196,O002450,22460
R000197,O002455,33395
R000198,O002460,18892
R000199,O002472,72767
R000200,O002475,39557
R000201,O002484,40204
R000202,O002491,11134
R000203,O002508,38419
R000204,O002510,21289
R000205,O002519,14845
R000206,O002531,24137
R000207,O002545,16395
R000208,O002548,7798
R000209,O002563,22342
R000210,O002569,18391
R000211,O002577,53568
R000212,O002591,5715
R000213,O002595,73177
R000214,O002612,29082
R000215,O002620,6910
R000216,O002640,14928
R000217,O002646,34280
R000218,O002654,16474
R000219,O002664,38628
R000220,O002673,52595
R000221,O002688,25666
R000222,O002699,19997
R000223,O002718,18036
R000224,O002752,5610
R000225,O002758,4716
R000226,O002763,12997
R000227,O002815,41446
R000228,O002817,34311
R000229,O002825,37976
R000230,O002838,5590
R000231,O002844,39848
R000232,O002854,15019
R000233,O002860,6901
R000234,O002875,32702
R000235,O002880,26400
R000236,O002905,4455
R000237,O002915,18352
R000238,O002932,18659
R000239,O002942,2414
R000240,O002964,17833
R000241,O002969,16091
R000242,O002971,54611
R000243,O002973,19594
R000244,O002989,35690
R000245,O003035,11063
R000246,O003038,32544
R000247,O003046,19770
R000248,O003066,5460
R000249,O003069,6795
R000250,O003070,10333
R000251,O003079,36786
R000252,O003084,10803
R000253,O003104,62950
R000254,O003109,18238
R000255,O003118,79080
R000256,O003146,32058
R000257,O003178,23239
R000258,O003185,1958
R000259,O003191,33590
R000260,O003195,32113
R000261,O003199,10895
R000262,O003211,45307
R000263,O003225,22818
R000264,O003230,8962
R000265,O003235,33724
R000266,O003249,14811
R000267,O003253,16857
R000268,O003254,9850
R000269,O003284,21592
R000270,O003314,10502
R000271,O003324,43322
R000272,O003333,23343
R000273,O003336,75505
R000274,O003350,10080
R000275,O003365,19931
R000276,O003370,16284
R000277,O003372,19794
R000278,O003389,50384
R000279,O003391,8732
R000280,O003393,21396
R000281,O003398,8352
R000282,O003410,50349
R000283,O003433,33020
R000284,O003450,1291
R000285,O003451,10213
R000286,O003453,14886
R000287,O003458,3602
R000288,O003460,7556
R000289,O003468,35486
R000290,O003472,61006
R000291,O003474,17431
R000292,O003476,19638
R000293,O003481,13319
R000294,O003514,14076
R000295,O003528,39219
R000296,O003536,47349
R000297,O003540,8656
R000298,O003543,17684
R000299,O003558,22305
R000300,O003567,12140
R000301,O003569,20785
R000302,O003593,20393
R000303,O003595,65761
R000304,O003602,69283
R000305,O003613,8344
R000306,O003619,54214
R000307,O003620,15662
R000308,O003634,68417
R000309,O003637,56483
R000310,O003653,18014
R000311,O003660,79149
R000312,O003665,16714
R000313,O003673,24817
R000314,O003679,23165
R000315,O003689,10910
R000316,O003711,13638
R000317,O003749,37763
R000318,O003750,15618
R000319,O003754,15377
R000320,O003789,6398
R000321,O003795,56164
R000322,O003803,36988
R000323,O003825,38439
R000324,O003827,2676
R000325,O003828,54488
R000326,O003834,20920
R000327,O003839,23347
R000328,O003848,17968
R000329,O003851,43897
R000330,O003875,4199
R000331,O003892,68306
R000332,O003913,4977
R000333,O003962,16331
R000334,O003982,7141
R000335,O003998,16321
R000336,O004000,9037
R000337,O004013,21470
R000338,O004021,30000
R000339,O004024,18528
R000340,O004026,50928
R000341,O004054,28698
R000342,O004062,15968
R000343,O004068,6935
R000344,O004072,35505
R000345,O004073,3967
R000346,O004075,18392
R000347,O004088,72211
R000348,O004110,29404
R000349,O004116,17194
R000350,O004129,16583
R000351,O004133,44304
R000352,O004161,14692
R000353,O004209,14922
R000354,O004234,72270
R000355,O004271,5029
R000356,O004272,72612
R000357,O004278,13773
R000358,O004288,50735
R000359,O004295,14560
R000360,O004300,5334
R000361,O004331,78203
R000362,O004366,2557
R000363,O004368,11833
R000364,O004384,2134
R000365,O004398,48372
R000366,O004405,4304
R000367,O004407,22544
R000368,O004412,16181
R000369,O004432,2280
R000370,O004446,38669
R000371,O004450,20580
R000372,O004467,960
R000373,O004498,9242
R000374,O004499,46760
R000375,O004517,6703
R000376,O004522,38949
R000377,O004531,35876
R000378,O004547,17047
R000379,O004554,39876
R000380,O004557,15970
R000381,O004567,35153
R000382,O004583,19187
R000383,O004610,53136
R000384,O004612,15082
R000385,O004617,15442
R000386,O004638,2944
R000387,O004654,12646
R000388,O004668,24254
R000389,O004705,10977
R000390,O004715,5150
R000391,O004737,14295
R000392,O004749,27868
R000393,O004756,15106
R000394,O004766,20281
R000395,O004772,8755
R000396,O004787,26593
R000397,O004792,23710
R000398,O004795,25783
R000399,O004797,36700
R000400,O004799,18434
R000401,O004805,45329
R000402,O004837,8458
R000403,O004841,47483
R000404,O004858,12344
R000405,O004861,23093
R000406,O004885,26338
R000407,O004886,45010
R000408,O004890,20967
R000409,O004902,66224
R000410,O004912,9060
R000411,O004918,30743
R000412,O004922,11826
R000413,O004936,35730
R000414,O004951,14700
R000415,O004971,21389
R000416,O004973,21829
R000417,O004976,31777
R000418,O004981,11832
R000419,O004989,9648
R000420,O005008,19215
R000421,O005011,13068
R000422,O005012,17154
R000423,O005019,39634
R000424,O005027,63776
R000425,O005047,5076
R000426,O005055,15370
R000427,O005059,51122
R000428,O005071,2925
R000429,O005074,30232
R000430,O005076,19220
R000431,O005099,2506
R000432,O005112,37578
R000433,O005114,79389
R000434,O005116,35942
R000435,O005124,55819
R000436,O005165,51715
R000437,O005183,4108
R000438,O005191,12450
R000439,O005194,8018
R000440,O005204,23161
R000441,O005207,8347
R000442,O005211,62956
R000443,O005234,83452
R000444,O005239,19156
R000445,O005250,12274
R000446,O005251,12153
R000447,O005260,38754
R000448,O005304,25088
R000449,O005312,13065
R000450,O005319,68411
R000451,O005320,29498
R000452,O005337,19084
R000453,O005345,77619
R000454,O005359,3830
R000455,O005363,88907
R000456,O005438,3806
R000457,O005462,29718
R000458,O005473,17388
R000459,O005475,36285
R000460,O005490,23010
R000461,O005505,82482
R000462,O005508,12801
R000463,O005522,37116
R000464,O005523,7040
R000465,O005534,29773
R000466,O005571,38796
R000467,O005585,1604
R000468,O005599,33392
R000469,O005603,12296
R000470,O005615,13942
R000471,O005630,8292
R000472,O005647,51131
R000473,O005657,5240
R000474,O005664,83081
R000475,O005665,2107
R000476,O005667,25181
R000477,O005669,66020
R000478,O005683,16275
R000479,O005703,13430
R000480,O005704,13820
R000481,O005719,35514
R000482,O005757,44671
R000483,O005767,34435
R000484,O005769,67164
R000485,O005775,39458
R000486,O005824,19555
R000487,O005825,23588
R000488,O005828,15912
R000489,O005837,42965
R000490,O005844,810
R000491,O005848,15325
R000492,O005851,14374
R000493,O005900,35624
R000494,O005906,5208
R000495,O005907,63678
R000496,O005912,36095
R000497,O005918,36431
R000498,O005926,24753
R000499,O005932,19224
R000500,O005946,19209
R000501,O005947,74076
R000502,O005949,12821
R000503,O005959,20300
R000504,O005972,726
R000505,O006003,16992
R000506,O006007,36787
R000507,O006008,65118
R000508,O006025,29787
R000509,O006029,4270
R000510,O006082,7279
R000511,O006091,10121
R000512,O006104,46611
R000513,O006112,42611
R000514,O006119,8642
R000515,O006120,10653
R000516,O006123,26346
R000517,O006146,7813
R000518,O006172,69308
R000519,O006177,35354
R000520,O006197,17776
R000521,O006202,27486
R000522,O006210,47363
R000523,O006223,11388
R000524,O006272,38076
R000525,O006276,38713
R000526,O006343,31261
R000527,O006346,8276
R000528,O006348,22673
R000529,O006352,7459
R000530,O006361,34170
R000531,O006362,13261
R000532,O006370,32171
R000533,O006377,5483
R000534,O006394,4209
R000535,O006399,2151
R000536,O006404,4654
R000537,O006411,12787
R000538,O006425,12353
R000539,O006430,17327
R000540,O006444,34736
R000541,O006463,51101
R000542,O006489,24153
R000543,O006506,2136
R000544,O006509,13490
R000545,O006514,75843
R000546,O006515,14077
R000547,O006519,16791
R000548,O006545,20300
R000549,O006548,39873
R000550,O006550,12292
R000551,O006564,14359
R000552,O006571,19502
R000553,O006574,4313
R000554,O006576,7471
R000555,O006580,2077
R000556,O006587,27193
R000557,O006603,14319
R000558,O006611,43829
R000559,O006616,14138
R000560,O006620,11576
R000561,O006621,65069
R000562,O006636,51310
R000563,O006653,10115
R000564,O006658,18469
R000565,O006664,52882
R000566,O006684,61232
R000567,O006696,15237
R000568,O006698,16984
R000569,O006700,35932
R000570,O006702,5401
R000571,O006709,15856
R000572,O006718,10403
R000573,O006729,16827
R000574,O006747,3773
R000575,O006765,32637
R000576,O006772,12063
R000577,O006779,9529
R000578,O006828,9986
R000579,O006854,22352
R000580,O006864,2078
R000581,O006874,92584
R000582,O006878,9184
R000583,O006888,41553
R000584,O006900,9306
R000585,O006945,74244
R000586,O006947,14294
R000587,O006959,4402
R000588,O006979,50925
R000589,O006984,30584
R000590,O006986,20254
R000591,O007034,18026
R000592,O007045,20575
R000593,O007079,20319
R000594,O007130,29163
R000595,O007147,4118
R000596,O007150,63547
R000597,O007163,42935
R000598,O007195,8461
R000599,O007199,29448
R000600,O007222,18549
R000601,O007247,79215
R000602,O007273,82880
R000603,O007281,3306
R000604,O007284,16620
R000605,O007297,6091
R000606,O007299,16648
R000607,O007314,27884
R000608,O007316,9009
R000609,O007323,69126
R000610,O007348,15042
R000611,O007373,35684
R000612,O007378,25712
R000613,O007399,14986
R000614,O007438,24325
R000615,O007445,13619
R000616,O007451,36730
R000617,O007494,11567
R000618,O007506,14950
R000619,O007538,1473
R000620,O007549,16459
R000621,O007552,73895
R000622,O007568,29545
R000623,O007576,54918
R000624,O007586,5392
R000625,O007588,23958
R000626,O007590,17688
R000627,O007599,18759
R000628,O007604,16159
R000629,O007616,20738
R000630,O007626,3117
R000631,O007627,5771
R000632,O007628,81742
R000633,O007629,16865
R000634,O007649,14983
R000635,O007654,4413
R000636,O007657,17612
R000637,O007663,17645
R000638,O007672,10796
R000639,O007680,15168
R000640,O007687,5850
R000641,O007690,10714
R000642,O007693,4630
R000643,O007694,89434
R000644,O007718,38579
R000645,O007744,12301
R000646,O007745,6956
R000647,O007752,22994
R000648,O007759,51224
R000649,O007777,28219
R000650,O007779,2077
R000651,O007791,41425
R000652,O007796,78976
R000653,O007797,7144
R000654,O007806,51252
R000655,O007811,21195
R000656,O007816,1676
R000657,O007819,15872
R000658,O007829,9849
R000659,O007860,18868
R000660,O007881,23715
R000661,O007887,2578
R000662,O007890,18444
R000663,O007923,14492
R000664,O007936,21193
R000665,O007962,7580
R000666,O007963,7765
R000667,O007968,36028
R000668,O007997,35884
R000669,O008013,26560
R000670,O008054,13820
R000671,O008085,17926
R000672,O008087,5196
R000673,O008117,26012
R000674,O008138,39976
R000675,O008172,7284
R000676,O008178,81167
R000677,O008180,2991
R000678,O008181,19291
R000679,O008209,13507
R000680,O008228,18134
R000681,O008233,30781
R000682,O008271,18801
R000683,O008274,19961
R000684,O008277,65828
R000685,O008291,10715
R000686,O008292,5506
R000687,O008294,3455
R000688,O008310,71070
R000689,O008316,4060
R000690,O008329,13086
R000691,O008340,37620
R000692,O008342,37405
R000693,O008350,9544
R000694,O008354,2343
R000695,O008365,38592
R000696,O008381,5222
R000697,O008396,31085
R000698,O008397,18301
R000699,O008408,13415
R000700,O008422,69530
R000701,O008434,32520
R000702,O008439,44744
R000703,O008463,78145
R000704,O008472,56392
R000705,O008478,13423
R000706,O008480,31247
R000707,O008498,70544
R000708,O008517,5880
R000709,O008520,9749
R000710,O008536,82714
R000711,O008537,14641
R000712,O008540,18299
R000713,O008541,49886
R000714,O008558,25868
R000715,O008564,13766
R000716,O008572,33811
R000717,O008576,7918
R000718,O008583,4024
R000719,O008591,62226
R000720,O008601,7400
R000721,O008618,35963
R000722,O008653,22228
R000723,O008698,85733
R000724,O008700,21912
R000725,O008718,2097
R000726,O008743,40823
R000727,O008748,45884
R000728,O008751,8230
R000729,O008754,17920
R000730,O008776,20188
R000731,O008778,40377
R000732,O008779,16158
R000733,O008795,48935
R000734,O008798,84381
R000735,O008800,81762
R000736,O008815,2263
R000737,O008820,13900
R000738,O008841,14920
R000739,O008847,12743
R000740,O008866,18247
R000741,O008868,13478
R000742,O008879,72237
R000743,O008887,16704
R000744,O008890,20601
R000745,O008896,12227
R000746,O008944,7763
R000747,O008950,5842
R000748,O008963,66936
R000749,O008965,14846
R000750,O008966,74043
R000751,O008972,27353
R000752,O008980,16739
R000753,O009003,40352
R000754,O009015,19564
R000755,O009042,44478
R000756,O009057,14747
R000757,O009096,11050
R000758,O009098,7308
R000759,O009106,18239
R000760,O009131,26502
R000761,O009154,16320
R000762,O009178,54297
R000763,O009185,5583
R000764,O009204,7132
R000765,O009212,17286
R000766,O009237,5074
R000767,O009255,15777
R000768,O009259,4947
R000769,O009268,12760
R000770,O009283,4750
R000771,O009294,4516
R000772,O009295,19991
R000773,O009327,37521
R000774,O009374,13802
R000775,O009414,4217
R000776,O009416,17645
R000777,O009417,79882
R000778,O009425,34489
R000779,O009449,886
R000780,O009463,36086
R000781,O009472,4221
R000782,O009477,15398
R000783,O009495,12420
R000784,O009499,46040
R000785,O009501,66754
R000786,O009520,36223
R000787,O009530,22842
R000788,O009534,23941
R000789,O009537,26859
R000790,O009538,16857
R000791,O009581,17044
R000792,O009604,74832
R000793,O009612,3250
R000794,O009618,45288
R000795,O009630,17300
R000796,O009632,2929
R000797,O009639,10299
R000798,O009652,19540
R000799,O009654,21885
R000800,O009657,65004
R000801,O009673,43922
R000802,O009685,47242
R000803,O009690,21529
R000804,O009701,1917
R000805,O009704,40091
R000806,O009714,55659
R000807,O009738,35889
R000808,O009746,31163
R000809,O009748,9611
R000810,O009751,23716
R000811,O009760,44335
R000812,O009775,3168
R000813,O009781,3327
R000814,O009789,21668
R000815,O009808,4204
R000816,O009816,14763
R000817,O009824,9817
R000818,O009846,7301
R000819,O009848,9248
R000820,O009864,14440
R000821,O009894,23156
R000822,O009917,15526
R000823,O009918,1342
R000824,O009923,18920
R000825,O009954,9961
R000826,O009958,76700
R000827,O009959,7400
R000828,O010020,17529
R000829,O010027,92110
R000830,O010030,45212
R000831,O010032,25652
R000832,O010042,6932
R000833,O010057,4457
R000834,O010059,10502
R000835,O010072,53841
R000836,O010075,74695
R000837,O010112,41303
R000838,O010128,29113
R000839,O010134,6837
R000840,O010150,39871
R000841,O010151,30910
R000842,O010168,71845
R000843,O010171,10800
R000844,O010178,7921
R000845,O010200,12957
R000846,O010224,12806
R000847,O010278,5351
R000848,O010280,88175
R000849,O010289,30960
R000850,O010291,63133
R000851,O010296,56980
R000852,O010321,43032
R000853,O010328,4949
R000854,O010333,19345
R000855,O010349,10014
R000856,O010360,5560
R000857,O010369,13824
R000858,O010395,4504
R000859,O010400,16885
R000860,O010401,30079
R000861,O010419,3118
R000862,O010450,8176
R000863,O010460,77123
R000864,O010462,79424
R000865,O010466,11705
R000866,O010473,1071
R000867,O010480,17931
R000868,O010509,29716
R000869,O010525,6058
R000870,O010528,11892
R000871,O010555,47023
R000872,O010559,29989
R000873,O010579,972
R000874,O010586,73401
R000875,O010589,19684
R000876,O010595,65315
R000877,O010624,8425
R000878,O010633,21263
R000879,O010634,38037
R000880,O010639,41533
R000881,O010648,35055
R000882,O010652,23530
R000883,O010662,37693
R000884,O010676,4237
R000885,O010715,7932
R000886,O010728,13494
R000887,O010752,39256
R000888,O010788,4341
R000889,O010794,15357
R000890,O010802,11096
R000891,O010822,29527
R000892,O010840,3417
R000893,O010848,28186
R000894,O010865,15923
R000895,O010867,9140
R000896,O010890,45548
R000897,O010891,11606
R000898,O010903,11905
R000899,O010904,3974
R000900,O010905,18725
R000901,O010908,77335
R000902,O010913,11701
R000903,O010917,51605
R000904,O010921,43619
R000905,O010932,40634
R000906,O010933,20748
R000907,O010936,70184
R000908,O010938,55798
R000909,O010952,35495
R000910,O010990,46682
R000911,O010992,41357
R000912,O010997,27288
R000913,O010998,5610
R000914,O011007,5103
R000915,O011018,81516
R000916,O011031,5960
R000917,O011032,13620
R000918,O011034,20843
R000919,O011038,26483
R000920,O011054,53660
R000921,O011068,33240
R000922,O011069,39236
R000923,O011076,19335
R000924,O011081,2133
R000925,O011087,9498
R000926,O011097,13945
R000927,O011102,5088
R000928,O011104,27810
R000929,O011120,49537
R000930,O011131,14343
R000931,O011132,4415
R000932,O011135,80206
R000933,O011160,22472
R000934,O011166,76450
R000935,O011175,17539
R000936,O011182,5683
R000937,O011187,14884
R000938,O011200,36065
R000939,O011212,16738
R000940,O011234,11988
R000941,O011241,25200
R000942,O011261,61326
R000943,O011274,21040
R000944,O011283,12498
R000945,O011289,3352
R000946,O011291,11692
R000947,O011302,58617
R000948,O011304,7096
R000949,O011313,8345
R000950,O011317,13515
R000951,O011330,22830
R000952,O011344,85030
R000953,O011348,32253
R000954,O011354,10624
R000955,O011356,67459
R000956,O011375,34945
R000957,O011380,61870
R000958,O011382,10031
R000959,O011401,19503
R000960,O011405,16118
R000961,O011422,23188
R000962,O011431,6239
R000963,O011438,42308
R000964,O011465,7673
R000965,O011466,5367
R000966,O011474,67437
R000967,O011481,1913
R000968,O011483,39477
R000969,O011485,13203
R000970,O011499,15878
R000971,O011502,14830
R000972,O011520,49042
R000973,O011530,4693
R000974,O011536,85676
R000975,O011538,70576
R000976,O011553,19914
R000977,O011555,6412
R000978,O011560,4024
R000979,O011573,58014
R000980,O011584,72706
R000981,O011589,14160
R000982,O011599,68377
R000983,O011603,10203
R000984,O011606,87139
R000985,O011639,11243
R000986,O011654,2385
R000987,O011660,12251
R000988,O011685,5324
R000989,O011696,986
R000990,O011710,14419
R000991,O011718,15566
R000992,O011719,6788
R000993,O011732,5516
R000994,O011739,13212
R000995,O011741,27419
R000996,O011754,9963
R000997,O011762,1517
R000998,O011767,17021
R000999,O011776,18100
R001000,O011778,4515
R001001,O011783,12870
R001002,O011810,27993
R001003,O011827,12157
R001004,O011832,8765
R001005,O011833,19307
R001006,O011835,20133
R001007,O011840,29392
R001008,O011841,39098
R001009,O011864,10475
R001010,O011870,34126
R001011,O011872,70218
R001012,O011873,6346
R001013,O011879,12887
R001014,O011887,8703
R001015,O011888,22349
R001016,O011889,57849
R001017,O011952,17594
R001018,O011962,29521
R001019,O011964,16867
R001020,O011968,87042
R001021,O011974,55524
R001022,O012005,16125
R001023,O012007,23682
R001024,O012021,63420
R001025,O012026,41601
R001026,O012038,18857
R001027,O012047,12250
R001028,O012081,56543
R001029,O012084,6423
R001030,O012089,23964
R001031,O012130,41312
R001032,O012138,47247
R001033,O012139,17117
R001034,O012140,86131
R001035,O012143,9051
R001036,O012146,41882
R001037,O012148,2483
R001038,O012150,52107
R001039,O012151,7949
R001040,O012152,34339
R001041,O012158,21714
R001042,O012168,6203
R001043,O012195,5124
R001044,O012220,19448
R001045,O012229,3712
R001046,O012235,27588
R001047,O012252,20818
R001048,O012298,17537
R001049,O012320,13642
R001050,O012324,15507
R001051,O012345,41584
R001052,O012350,21057
R001053,O012360,17862
R001054,O012365,2466
R001055,O012366,6692
R001056,O012368,84986
R001057,O012376,11654
R001058,O012377,15323
R001059,O012383,40404
R001060,O012394,17443
R001061,O012406,19416
R001062,O012412,4673
R001063,O012422,54110
R001064,O012432,7816
R001065,O012433,1894
R001066,O012451,38027
R001067,O012455,62147
R001068,O012458,36593
R001069,O012462,68965
R001070,O012493,30496
R001071,O012498,12099
R001072,O012502,12979
R001073,O012509,9497
R001074,O012540,61937
R001075,O012555,28601
R001076,O012566,29383
R001077,O012571,26248
R001078,O012576,868
R001079,O012615,36728
R001080,O012633,24092
R001081,O012634,37527
R001082,O012642,44894
R001083,O012657,64199
R001084,O012660,5455
R001085,O012668,12064
R001086,O012675,10372
R001087,O012696,7859
R001088,O012700,6924
R001089,O012753,3411
R001090,O012756,1780
R001091,O012770,1993
R001092,O012775,16897
R001093,O012777,20337
R001094,O012786,24256
R001095,O012809,4802
R001096,O012810,8217
R001097,O012826,22316
R001098,O012832,31724
R001099,O012839,13459
R001100,O012858,38949
R001101,O012871,21730
R001102,O012881,32372
R001103,O012882,1500
R001104,O012888,41494
R001105,O012892,12444
R001106,O012929,2715
R001107,O012940,22280
R001108,O012942,14918
R001109,O012983,41125
R001110,O012996,8358
R001111,O013013,6208
R001112,O013034,33908
R001113,O013048,8107
R001114,O013049,1917
R001115,O013050,40597
R001116,O013051,7702
R001117,O013053,32276
R001118,O013055,24872
R001119,O013066,15584
R001120,O013068,24291
R001121,O013070,22719
R001122,O013075,31565
R001123,O013088,10948
R001124,O013094,14863
R001125,O013095,7082
R001126,O013104,7582
R001127,O013108,24780
R001128,O013152,57624
R001129,O013159,32679
R001130,O013171,23498
R001131,O013174,42351
R001132,O013185,18046
R001133,O013190,75540
R001134,O013217,17982
R001135,O013223,10797
R001136,O013229,27308
R001137,O013232,84297
R001138,O013249,7929
R001139,O013258,12647
R001140,O013271,29383
R001141,O013281,38786
R001142,O013289,48449
R001143,O013300,39743
R001144,O013306,19773
R001145,O013330,50084
R001146,O013337,38293
R001147,O013350,7762
R001148,O013354,63197
R001149,O013358,7947
R001150,O013389,22482
R001151,O013417,17602
R001152,O013425,26571
R001153,O013433,2933
R001154,O013437,17625
R001155,O013466,16569
R001156,O013493,33577
R001157,O013498,43729
R001158,O013512,5294
R001159,O013517,1965
R001160,O013531,13614
R001161,O013551,87296
R001162,O013562,7889
R001163,O013597,15493
R001164,O013607,23580
R001165,O013611,30471
R001166,O013618,18552
R001167,O013629,85491
R001168,O013638,62525
R001169,O013641,76192
R001170,O013645,10738
R001171,O013680,10457
R001172,O013682,8778
R001173,O013684,7227
R001174,O013696,11963
R001175,O013701,30989
R001176,O013708,41572
R001177,O013713,46303
R001178,O013715,35155
R001179,O013723,25634
R001180,O013727,67039
R001181,O013729,21912
R001182,O013748,64403
R001183,O013760,2770
R001184,O013770,76843
R001185,O013771,3998
R001186,O013777,45820
R001187,O013785,32455
R001188,O013786,13819
R001189,O013789,11313
R001190,O013799,9724
R001191,O013810,899
R001192,O013812,8026
R001193,O013834,9133
R001194,O013850,38573
R001195,O013852,16587
R001196,O013867,49011
R001197,O013874,77019
R001198,O013878,12882
R001199,O013880,18436
R001200,O013889,9229
R001201,O013896,1908
R001202,O013904,66705
R001203,O013907,23687
R001204,O013908,3796
R001205,O013928,17679
R001206,O013937,33983
R001207,O013938,3915
R001208,O013945,6939
R001209,O013955,46284
R001210,O013958,5917
R001211,O013963,10063
R001212,O013964,12263
R001213,O013995,20734
R001214,O013998,13548
R001215,O013999,6445
R001216,O014014,63847
R001217,O014025,32684
R001218,O014034,64010
R001219,O014036,16417
R001220,O014039,31758
R001221,O014057,36475
R001222,O014059,67668
R001223,O014073,24138
R001224,O014079,8178
R001225,O014081,22322
R001226,O014105,21762
R001227,O014107,31834
R001228,O014110,20956
R001229,O014113,17699
R001230,O014115,40808
R001231,O014117,15404
R001232,O014121,2662
R001233,O014125,65031
R001234,O014126,2606
R001235,O014169,17502
R001236,O014172,14125
R001237,O014175,10334
R001238,O014202,18841
R001239,O014203,22284
R001240,O014207,18950
R001241,O014212,5180
R001242,O014222,21913
R001243,O014234,1669
R001244,O014245,89419
R001245,O014247,37812
R001246,O014269,17691
R001247,O014290,41777
R001248,O014303,44644
R001249,O014324,71694
R001250,O014439,25503
R001251,O014456,17476
R001252,O014460,28048
R001253,O014480,20374
R001254,O014489,5088
R001255,O014511,26961
R001256,O014527,51172
R001257,O014541,893
R001258,O014546,5312
R001259,O014552,25247
R001260,O014560,1802
R001261,O014564,16888
R001262,O014601,21809
R001263,O014617,7756
R001264,O014620,3849
R001265,O014640,20315
R001266,O014666,14080
R001267,O014698,82355
R001268,O014706,73318
R001269,O014710,24271
R001270,O014735,12908
R001271,O014746,30320
R001272,O014755,13386
R001273,O014777,21290
R001274,O014787,82999
R001275,O014803,17453
R001276,O014809,15998
R001277,O014817,73799
R001278,O014820,4836
R001279,O014834,21749
R001280,O014835,19143
R001281,O014858,22781
R001282,O014877,3060
R001283,O014898,17712
R001284,O014913,16264
R001285,O014924,10549
R001286,O014927,35407
R001287,O014936,64008
R001288,O014964,3127
R001289,O014973,13120
R001290,O014991,18106
R001291,O014992,31670
R001292,O014993,42169
R001293,O015013,12932
R001294,O015051,8089
R001295,O015055,19155
R001296,O015058,39562
R001297,O015075,20592
R001298,O015076,35285
R001299,O015086,79485
R001300,O015090,11542
R001301,O015099,27779
R001302,O015125,2234
R001303,O015135,9613
R001304,O015137,9072
R001305,O015142,80649
R001306,O015144,30789
R001307,O015145,10920
R001308,O015161,87830
R001309,O015174,20243
R001310,O015178,41398
R001311,O015179,40620
R001312,O015186,35624
R001313,O015216,19395
R001314,O015226,34371
R001315,O015233,75091
R001316,O015262,35602
R001317,O015265,45005
R001318,O015267,4863
R001319,O015284,12292
R001320,O015297,16944
R001321,O015324,754
R001322,O015332,5396
R001323,O015345,16698
R001324,O015352,33763
R001325,O015354,12553
R001326,O015360,45416
R001327,O015368,34515
R001328,O015384,17383
R001329,O015398,3182
R001330,O015410,75016
R001331,O015411,44104
R001332,O015413,33142
R001333,O015416,18000
R001334,O015444,23805
R001335,O015452,68502
R001336,O015457,47703
R001337,O015476,41716
R001338,O015480,35407
R001339,O015532,19330
R001340,O015537,14344
R001341,O015541,16750
R001342,O015542,40873
R001343,O015543,5040
R001344,O015567,3364
R001345,O015594,22079
R001346,O015614,10402
R001347,O015630,6806
R001348,O015631,16824
R001349,O015644,6445
R001350,O015654,19116
R001351,O015664,41757
R001352,O015679,46070
R001353,O015715,18926
R001354,O015730,73670
R001355,O015731,1101
R001356,O015766,12666
R001357,O015779,7444
R001358,O015782,17090
R001359,O015796,20020
R001360,O015819,20060
R001361,O015838,5310
R001362,O015872,50651
R001363,O015878,15928
R001364,O015885,24863
R001365,O015895,15425
R001366,O015942,13874
R001367,O015950,6766
R001368,O015964,37068
R001369,O015965,40343
R001370,O015970,39497
R001371,O015997,19639
R001372,O016001,64320
R001373,O016007,62846
R001374,O016017,11873
R001375,O016025,12844
R001376,O016030,6731
R001377,O016033,32181
R001378,O016035,3904
R001379,O016041,15236
R001380,O016046,53999
R001381,O016049,37229
R001382,O016051,28160
R001383,O016067,12111
R001384,O016070,25715
R001385,O016095,16772
R001386,O016100,9634
R001387,O016118,15593
R001388,O016119,16895
R001389,O016153,26450
R001390,O016186,22596
R001391,O016199,14743
R001392,O016201,80309
R001393,O016213,10486
R001394,O016217,5318
R001395,O016219,19701
R001396,O016228,22516
R001397,O016231,44634
R001398,O016236,7306
R001399,O016247,13254
R001400,O016251,18907
R001401,O016253,35743
R001402,O016256,3087
R001403,O016269,6208
R001404,O016287,30797
R001405,O016295,4217
R001406,O016296,10130
R001407,O016334,1742
R001408,O016335,10146
R001409,O016345,1233
R001410,O016349,48080
R001411,O016353,18804
R001412,O016354,86696
R001413,O016355,13843
R001414,O016376,19694
R001415,O016384,54679
R001416,O016405,18125
R001417,O016426,23978
R001418,O016430,15765
R001419,O016438,39678
R001420,O016489,17374
R001421,O016523,19487
R001422,O016526,44390
R001423,O016534,17971
R001424,O016540,41110
R001425,O016544,17336
R001426,O016552,33406
R001427,O016566,36313
R001428,O016568,32689
R001429,O016578,23219
R001430,O016600,40437
R001431,O016601,12361
R001432,O016610,46157
R001433,O016611,58612
R001434,O016619,11696
R001435,O016623,7070
R001436,O016624,3202
R001437,O016639,41452
R001438,O016647,7456
R001439,O016655,71158
R001440,O016663,39438
R001441,O016666,34969
R001442,O016697,13502
R001443,O016712,5924
R001444,O016713,5483
R001445,O016718,13288
R001446,O016744,41168
R001447,O016767,65692
R001448,O016810,55179
R001449,O016817,10581
R001450,O016835,34824
R001451,O016882,18487
R001452,O016885,24992
R001453,O016901,8784
R001454,O016914,34322
R001455,O016945,31887
R001456,O016955,31599
R001457,O016956,9760
R001458,O016958,19009
R001459,O016961,14140
R001460,O016965,6059
R001461,O016982,2346
R001462,O016995,9899
R001463,O016997,13035
R001464,O017009,55063
R001465,O017010,19591
R001466,O017017,19035
R001467,O017020,34909
R001468,O017034,16047
R001469,O017047,6972
R001470,O017050,24229
R001471,O017060,21910
R001472,O017065,82945
R001473,O017087,12512
R001474,O017088,41183
R001475,O017097,73568
R001476,O017116,9859
R001477,O017120,75622
R001478,O017134,15308
R001479,O017163,8692
R001480,O017171,36330
R001481,O017189,1190
R001482,O017195,22276
R001483,O017202,8624
R001484,O017211,23201
R001485,O017233,38530
R001486,O017237,36971
R001487,O017245,6738
R001488,O017246,14043
R001489,O017250,14975
R001490,O017267,24076
R001491,O017271,70596
R001492,O017276,40177
R001493,O017282,16299
R001494,O017287,17951
R001495,O017289,26766
R001496,O017330,37733
R001497,O017356,41844
R001498,O017359,14027
R001499,O017388,3668
R001500,O017392,48647
R001501,O017396,11801
R001502,O017412,41183
R001503,O017435,30203
R001504,O017455,16902
R001505,O017458,8253
R001506,O017459,4357
R001507,O017468,37407
R001508,O017469,71169
R001509,O017476,14433
R001510,O017481,22311
R001511,O017486,20618
R001512,O017500,4996
R001513,O017503,5496
R001514,O017504,9896
R001515,O017518,23835
R001516,O017529,28652
R001517,O017530,15408
R001518,O017540,9411
R001519,O017558,19762
R001520,O017568,39291
R001521,O017576,4812
R001522,O017577,41357
R001523,O017582,2348
R001524,O017591,17172
R001525,O017596,8461
R001526,O017613,5351
R001527,O017614,37116
R001528,O017620,6693
R001529,O017626,65047
R001530,O017631,13852
R001531,O017642,38746
R001532,O017644,14148
R001533,O017649,37367
R001534,O017650,78377
R001535,O017660,4388
R001536,O017675,52737
R001537,O017689,9555
R001538,O017697,57181
R001539,O017698,7360
R001540,O017719,14586
R001541,O017724,69936
R001542,O017732,11751
R001543,O017746,78214
R001544,O017747,72259
R001545,O017766,18162
R001546,O017791,7217
R001547,O017794,21317
R001548,O017796,38129
R001549,O017817,1641
R001550,O017831,23131
R001551,O017837,8467
R001552,O017890,6487
R001553,O017893,42315
R001554,O017910,10266
R001555,O017915,4270
R001556,O017951,29294
R001557,O017959,19626
R001558,O017985,81047
R001559,O018030,18698
R001560,O018037,8138
R001561,O018041,19694
R001562,O018049,29395
R001563,O018080,8631
R001564,O018108,16493
R001565,O018139,8968
R001566,O018144,81790
R001567,O018154,71383
R001568,O018160,22345
R001569,O018174,15629
R001570,O018193,78988
R001571,O018223,37119
R001572,O018226,14452
R001573,O018229,65161
R001574,O018235,12356
R001575,O018262,19496
R001576,O018279,18314
R001577,O018280,56399
R001578,O018281,3793
R001579,O018290,28364
R001580,O018298,63354
R001581,O018301,23895
R001582,O018312,11913
R001583,O018317,15499
R001584,O018334,11930
R001585,O018367,5953
R001586,O018373,10397
R001587,O018377,28209
R001588,O018399,7641
R001589,O018418,10227
R001590,O018421,13752
R001591,O018439,28528
R001592,O018461,8961
R001593,O018469,18550
R001594,O018470,26102
R001595,O018475,5413
R001596,O018476,18405
R001597,O018480,23278
R001598,O018525,43414
R001599,O018526,63363
R001600,O018542,7749
R001601,O018556,18310
R001602,O018563,32208
R001603,O018581,37841
R001604,O018585,12081
R001605,O018589,15486
R001606,O018594,921
R001607,O018616,9846
R001608,O018623,18086
R001609,O018625,25882
R001610,O018628,20169
R001611,O018629,4899
R001612,O018637,22093
R001613,O018641,27776
R001614,O018661,26666
R001615,O018668,7073
R001616,O018669,41393
R001617,O018675,22869
R001618,O018682,5182
R001619,O018700,8466
R001620,O018719,41818
R001621,O018723,39554
R001622,O018724,17859
R001623,O018731,11158
R001624,O018734,2126
R001625,O018763,79015
R001626,O018766,76706
R001627,O018780,69938
R001628,O018787,14219
R001629,O018799,2216
R001630,O018813,76650
R001631,O018840,32937
R001632,O018854,14918
R001633,O018877,86825
R001634,O018899,52702
R001635,O018919,10774
R001636,O018976,80816
R001637,O018977,59625
R001638,O018986,41422
R001639,O018997,23463
R001640,O019020,69252
R001641,O019022,39144
R001642,O019027,42563
R001643,O019032,32197
R001644,O019037,15320
R001645,O019041,9804
R001646,O019050,8011
R001647,O019059,2658
R001648,O019073,17023
R001649,O019078,17985
R001650,O019085,3300
R001651,O019096,60737
R001652,O019103,7418
R001653,O019117,6202
R001654,O019130,13634
R001655,O019135,3234
R001656,O019141,40661
R001657,O019164,32409
R001658,O019174,5686
R001659,O019246,21972
R001660,O019303,8198
R001661,O019326,8081
R001662,O019327,77042
R001663,O019341,14963
R001664,O019359,11037
R001665,O019360,30798
R001666,O019373,16090
R001667,O019374,30860
R001668,O019418,32669
R001669,O019423,19716
R001670,O019425,83705
R001671,O019444,21504
R001672,O019448,8379
R001673,O019451,18497
R001674,O019484,18058
R001675,O019485,50377
R001676,O019491,12510
R001677,O019526,77760
R001678,O019556,19347
R001679,O019569,25741
R001680,O019571,18780
R001681,O019594,2340
R001682,O019617,22587
R001683,O019641,13896
R001684,O019654,11244
R001685,O019665,20935
R001686,O019686,19707
R001687,O019688,16471
R001688,O019697,2291
R001689,O019711,72707
R001690,O019715,81802
R001691,O019723,28137
R001692,O019760,25127
R001693,O019789,40605
R001694,O019803,36720
R001695,O019826,26146
R001696,O019857,1467
R001697,O019864,41507
R001698,O019884,2675
R001699,O019907,18390
R001700,O019908,1713
R001701,O019933,45584
R001702,O019964,90350
R001703,O019978,69710
R001704,O019985,36113
R001705,O019994,86042
R001706,O020031,24371
R001707,O020036,31522
R001708,O020046,30236
R001709,O020048,19149
R001710,O020081,19501
R001711,O020103,5270
R001712,O020106,67321
R001713,O020110,54916
R001714,O020123,23860
R001715,O020149,16399
R001716,O020165,21798
R001717,O020168,24645
R001718,O020174,4789
R001719,O020183,5073
R001720,O020197,15373
R001721,O020200,1925
R001722,O020217,1984
R001723,O020222,9370
R001724,O020230,50981
R001725,O020269,10212
R001726,O020271,34701
R001727,O020300,45046
R001728,O020305,11449
R001729,O020306,13244
R001730,O020310,6313
R001731,O020323,31277
R001732,O020329,43765
R001733,O020331,3809
R001734,O020332,15055
R001735,O020349,36706
R001736,O020363,36930
R001737,O020370,1941
R001738,O020374,29218
R001739,O020379,19498
R001740,O020399,17629
R001741,O020417,41109
R001742,O020427,14025
R001743,O020446,43488
R001744,O020461,15493
R001745,O020477,9331
R001746,O020493,71555
R001747,O020499,7987
R001748,O020505,16839
R001749,O020507,16508
R001750,O020512,63971
R001751,O020522,30486
R001752,O020525,37904
R001753,O020554,49405
R001754,O020568,32016
R001755,O020581,14124
R001756,O020588,3403
R001757,O020590,13343
R001758,O020593,2881
R001759,O020627,5794
R001760,O020629,1450
R001761,O020639,3847
R001762,O020640,42050
R001763,O020642,15567
R001764,O020650,2787
R001765,O020668,33404
R001766,O020688,13372
R001767,O020711,12307
R001768,O020714,33272
R001769,O020737,11483
R001770,O020753,33477
R001771,O020759,65678
R001772,O020760,3182
R001773,O020796,50712
R001774,O020798,15475
R001775,O020805,29079
R001776,O020828,11589
R001777,O020829,1869
R001778,O020834,13305
R001779,O020841,21094
R001780,O020848,26670
R001781,O020914,41608
R001782,O020940,16313
R001783,O020944,29902
R001784,O020953,57307
R001785,O020959,18614
R001786,O020969,72364
R001787,O020987,4663
R001788,O021001,5648
R001789,O021003,7309
R001790,O021005,65564
R001791,O021010,4584
R001792,O021022,11609
R001793,O021033,43281
R001794,O021037,30935
R001795,O021047,21034
R001796,O021050,12867
R001797,O021062,14687
R001798,O021074,24499
R001799,O021076,7338
R001800,O021079,71128
R001801,O021080,8401
R001802,O021128,50235
R001803,O021167,22120
R001804,O021182,23335
R001805,O021195,19802
R001806,O021217,11210
R001807,O021221,9397
R001808,O021232,2759
R001809,O021242,77445
R001810,O021260,2274
R001811,O021273,22056
R001812,O021281,18762
R001813,O021287,50195
R001814,O021306,51851
R001815,O021313,35973
R001816,O021406,1515
R001817,O021412,14872
R001818,O021454,55800
R001819,O021462,37024
R001820,O021487,62957
R001821,O021490,24454
R001822,O021493,5020
R001823,O021511,18230
R001824,O021515,37606
R001825,O021516,5561
R001826,O021517,2207
R001827,O021523,63267
R001828,O021528,35158
R001829,O021538,17351
R001830,O021550,8283
R001831,O021556,53236
R001832,O021559,9528
R001833,O021561,40087
R001834,O021563,46600
R001835,O021573,9811
R001836,O021588,10850
R001837,O021591,22496
R001838,O021602,4003
R001839,O021603,5853
R001840,O021608,76631
R001841,O021610,22797
R001842,O021611,5868
R001843,O021617,13938
R001844,O021620,20418
R001845,O021646,30695
R001846,O021671,16842
R001847,O021673,5465
R001848,O021677,40065
R001849,O021680,8501
R001850,O021686,42224
R001851,O021721,36126
R001852,O021727,67766
R001853,O021729,16263
R001854,O021747,40426
R001855,O021771,8705
R001856,O021772,4165
R001857,O021795,23065
R001858,O021819,56562
R001859,O021823,66836
R001860,O021848,22704
R001861,O021865,33250
R001862,O021869,17188
R001863,O021870,17381
R001864,O021874,27773
R001865,O021877,19454
R001866,O021878,88545
R001867,O021884,29998
R001868,O021894,26678
R001869,O021899,14523
R001870,O021912,13946
R001871,O021924,12368
R001872,O021926,37376
R001873,O021928,18818
R001874,O021949,17162
R001875,O021959,6794
R001876,O021964,13324
R001877,O021973,8060
R001878,O021984,20807
R001879,O021986,14865
R001880,O022010,38319
R001881,O022039,7105
R001882,O022053,3625
R001883,O022066,69099
R001884,O022070,8677
R001885,O022121,19227
R001886,O022129,17200
R001887,O022143,1883
R001888,O022154,16128
R001889,O022160,13732
R001890,O022186,6196
R001891,O022197,9464
R001892,O022199,3341
R001893,O022212,62624
R001894,O022231,11449
R001895,O022239,92204
R001896,O022293,20444
R001897,O022306,36144
R001898,O022311,2213
R001899,O022322,26563
R001900,O022325,44767
R001901,O022338,36145
R001902,O022353,42159
R001903,O022388,19435
R001904,O022398,22485
R001905,O022401,23102
R001906,O022408,14314
R001907,O022422,61167
R001908,O022447,12753
R001909,O022453,10592
R001910,O022491,3388
R001911,O022511,34236
R001912,O022520,35675
R001913,O022525,61239
R001914,O022527,14656
R001915,O022528,4752
R001916,O022536,11341
R001917,O022560,24737
R001918,O022568,65814
R001919,O022573,8938
R001920,O022584,12787
R001921,O022617,7134
R001922,O022636,16421
R001923,O022643,29709
R001924,O022645,27242
R001925,O022660,16373
R001926,O022671,5068
R001927,O022715,6739
R001928,O022717,19413
R001929,O022720,5496
R001930,O022735,10496
R001931,O022744,26403
R001932,O022772,76717
R001933,O022787,838
R001934,O022793,28176
R001935,O022797,22771
R001936,O022805,57431
R001937,O022813,4731
R001938,O022817,5184
R001939,O022831,3838
R001940,O022836,33402
R001941,O022838,60171
R001942,O022865,14856
R001943,O022866,59486
R001944,O022890,9508
R001945,O022899,31573
R001946,O022922,4441
R001947,O022949,3209
R001948,O022956,7569
R001949,O022963,3953
R001950,O022969,15476
R001951,O023004,14610
R001952,O023010,18308
R001953,O023016,15928
R001954,O023030,15845
R001955,O023031,58022
R001956,O023037,35827
R001957,O023042,3281
R001958,O023050,15142
R001959,O023065,13996
R001960,O023067,80908
R001961,O023075,4060
R001962,O023093,8632
R001963,O023101,50546
R001964,O023104,23808
R001965,O023109,12435
R001966,O023119,22601
R001967,O023129,30025
R001968,O023143,13919
R001969,O023163,11083
R001970,O023170,17049
R001971,O023173,36566
R001972,O023190,56888
R001973,O023202,21130
R001974,O023211,5743
R001975,O023212,3301
R001976,O023214,54072
R001977,O023221,10513
R001978,O023223,18242
R001979,O023288,33334
R001980,O023292,58686
R001981,O023311,33148
R001982,O023326,14753
R001983,O023331,13950
R001984,O023355,34712
R001985,O023370,38575
R001986,O023376,9443
R001987,O023385,77360
R001988,O023393,19879
R001989,O023396,33157
R001990,O023400,9685
R001991,O023411,17326
R001992,O023434,3307
R001993,O023453,29195
R001994,O023461,9931
R001995,O023491,18248
R001996,O023496,1906
R001997,O023500,38206
R001998,O023529,12840
R001999,O023533,21383
R002000,O023545,41009
R002001,O023569,67029
R002002,O023581,21612
R002003,O023602,37463
R002004,O023615,21725
R002005,O023621,6013
R002006,O023624,50148
R002007,O023628,17327
R002008,O023636,8034
R002009,O023641,12419
R002010,O023646,13843
R002011,O023650,57316
R002012,O023651,42722
R002013,O023667,37782
R002014,O023681,75807
R002015,O023685,41758
R002016,O023700,51650
R002017,O023740,14335
R002018,O023742,13751
R002019,O023746,49427
R002020,O023767,21320
R002021,O023771,28384
R002022,O023779,4801
R002023,O023783,5698
R002024,O023803,24020
R002025,O023822,86752
R002026,O023828,26316
R002027,O023845,15320
R002028,O023899,21696
R002029,O023920,26204
R002030,O023939,21278
R002031,O023972,22340
R002032,O023981,15459
R002033,O023987,2273
R002034,O023989,18721
R002035,O023994,6144
R002036,O024002,12096
R002037,O024017,11398
R002038,O024032,1440
R002039,O024049,14355
R002040,O024053,12426
R002041,O024055,77131
R002042,O024057,35163
R002043,O024067,17485
R002044,O024071,43060
R002045,O024081,11899
R002046,O024084,38370
R002047,O024103,22535
R002048,O024106,20818
R002049,O024120,14729
R002050,O024131,19040
R002051,O024134,29538
R002052,O024137,53875
R002053,O024139,61121
R002054,O024163,69588
R002055,O024176,15936
R002056,O024191,15212
R002057,O024208,1922
R002058,O024225,20159
R002059,O024240,20751
R002060,O024242,26788
R002061,O024244,11735
R002062,O024252,16367
R002063,O024253,7617
R002064,O024254,77590
R002065,O024255,12476
R002066,O024264,41048
R002067,O024274,4236
R002068,O024282,59155
R002069,O024296,14566
R002070,O024310,32502
R002071,O024317,7658
R002072,O024320,15149
R002073,O024326,5427
R002074,O024331,10891
R002075,O024332,22348
R002076,O024337,33465
R002077,O024365,10534
R002078,O024372,20179
R002079,O024409,33744
R002080,O024424,40443
R002081,O024435,3334
R002082,O024437,55713
R002083,O024474,29535
R002084,O024516,21367
R002085,O024517,29630
R002086,O024549,72632
R002087,O024553,18066
R002088,O024565,9797
R002089,O024567,48415
R002090,O024571,13344
R002091,O024576,52210
R002092,O024578,15613
R002093,O024593,20696
R002094,O024595,9378
R002095,O024604,5592
R002096,O024613,9724
R002097,O024615,77837
R002098,O024621,24026
R002099,O024641,17568
R002100,O024648,13767
R002101,O024649,9772
R002102,O024656,40955
R002103,O024660,36934
R002104,O024719,60962
R002105,O024728,7286
R002106,O024736,38259
R002107,O024740,14951
R002108,O024749,35440
R002109,O024751,26655
R002110,O024753,7723
R002111,O024756,72821
R002112,O024762,19185
R002113,O024764,17655
R002114,O024787,7946
R002115,O024813,92052
R002116,O024820,12244
R002117,O024822,43524
R002118,O024840,7783
R002119,O024844,37061
R002120,O024845,23258
R002121,O024851,67932
R002122,O024854,5271
R002123,O024856,6849
R002124,O024859,1456
R002125,O024869,12898
R002126,O024872,8557
R002127,O024876,8444
R002128,O024885,32606
R002129,O024907,53418
R002130,O024917,65523
R002131,O024923,21552
R002132,O024925,7239
R002133,O024945,15244
R002134,O024949,39749
R002135,O024975,47757
R002136,O025014,55321
R002137,O025015,42263
R002138,O025019,16705
R002139,O025034,9658
R002140,O025039,32948
R002141,O025052,17713
R002142,O025072,17331
R002143,O025086,27619
R002144,O025097,23200
R002145,O025129,18595
R002146,O025133,25802
R002147,O025151,21387
R002148,O025159,10428
R002149,O025162,14777
R002150,O025185,70437
R002151,O025201,77497
R002152,O025209,70334
R002153,O025210,4796
R002154,O025211,6581
R002155,O025243,7320
R002156,O025256,27961
R002157,O025258,33020
R002158,O025260,78217
R002159,O025268,21470
R002160,O025271,81544
R002161,O025272,2085
R002162,O025273,21633
R002163,O025277,20047
R002164,O025282,6760
R002165,O025287,12754
R002166,O025291,41071
R002167,O025292,5344
R002168,O025294,69621
R002169,O025302,9689
R002170,O025310,10589
R002171,O025328,23220
R002172,O025331,19984
R002173,O025352,16166
R002174,O025356,6384
R002175,O025362,38829
R002176,O025368,40619
R002177,O025401,18384
R002178,O025402,2095
R002179,O025425,9134
R002180,O025447,38200
R002181,O025483,6104
R002182,O025486,31973
R002183,O025492,21555
R002184,O025507,42458
R002185,O025515,46105
R002186,O025521,20890
R002187,O025523,36924
R002188,O025548,71701
R002189,O025589,15568
R002190,O025591,6464
R002191,O025614,2505
R002192,O025621,3152
R002193,O025622,37885
R002194,O025635,15419
R002195,O025637,15014
R002196,O025638,25656
R002197,O025645,23196
R002198,O025647,73836
R002199,O025664,17248
R002200,O025665,2516
R002201,O025674,4421
R002202,O025696,39511
R002203,O025730,86404
R002204,O025755,79778
R002205,O025767,5467
R002206,O025768,57571
R002207,O025772,75217
R002208,O025775,15077
R002209,O025798,10970
R002210,O025807,2195
R002211,O025815,42238
R002212,O025832,22233
R002213,O025858,41363
R002214,O025860,15662
R002215,O025861,12381
R002216,O025862,22036
R002217,O025877,9224
R002218,O025881,9871
R002219,O025882,51017
R002220,O025898,15457
R002221,O025901,53849
R002222,O025909,20231
R002223,O025910,35293
R002224,O025914,13523
R002225,O025919,11227
R002226,O025921,39259
R002227,O025949,25501
R002228,O025955,9905
R002229,O025985,19128
R002230,O025992,82082
R002231,O026001,13025
R002232,O026022,21362
R002233,O026023,7197
R002234,O026064,12682
R002235,O026065,10089
R002236,O026073,18917
R002237,O026076,81884
R002238,O026109,13173
R002239,O026111,1720
R002240,O026122,9630
R002241,O026130,48962
R002242,O026149,9574
R002243,O026151,10469
R002244,O026171,9605
R002245,O026174,46376
R002246,O026179,31270
R002247,O026187,28600
R002248,O026192,15399
R002249,O026203,13359
R002250,O026221,19735
R002251,O026238,4536
R002252,O026257,27484
R002253,O026270,5220
R002254,O026274,19678
R002255,O026300,22055
R002256,O026313,65879
R002257,O026316,14313
R002258,O026324,31437
R002259,O026351,10999
R002260,O026360,11810
R002261,O026376,81687
R002262,O026386,21610
R002263,O026405,32161
R002264,O026410,8643
R002265,O026425,30025
R002266,O026429,76394
R002267,O026431,54180
R002268,O026434,5847
R002269,O026437,7852
R002270,O026461,5677
R002271,O026473,37356
R002272,O026479,23196
R002273,O026487,15932
R002274,O026502,66183
R002275,O026512,34004
R002276,O026513,10222
R002277,O026526,65963
R002278,O026536,54039
R002279,O026568,31468
R002280,O026571,53258
R002281,O026582,15661
R002282,O026584,29686
R002283,O026588,4432
R002284,O026589,84440
R002285,O026633,18512
R002286,O026667,1860
R002287,O026683,45673
R002288,O026689,60256
R002289,O026710,20818
R002290,O026720,14576
R002291,O026722,18137
R002292,O026740,25437
R002293,O026801,15647
R002294,O026805,16773
R002295,O026825,5724
R002296,O026834,6348
R002297,O026851,44212
R002298,O026861,19045
R002299,O026872,6110
R002300,O026880,43166
R002301,O026883,52265
R002302,O026889,5976
R002303,O026891,11629
R002304,O026908,34087
R002305,O026926,25058
R002306,O026940,39165
R002307,O026966,45526
R002308,O026980,11193
R002309,O026983,38426
R002310,O027005,3655
R002311,O027008,39236
R002312,O027010,80718
R002313,O027011,25004
R002314,O027023,44422
R002315,O027028,62828
R002316,O027033,13780
R002317,O027037,62366
R002318,O027060,2003
R002319,O027062,3467
R002320,O027070,26828
R002321,O027076,15147
R002322,O027094,6409
R002323,O027103,30055
R002324,O027108,38400
R002325,O027111,16083
R002326,O027116,10804
R002327,O027128,16505
R002328,O027134,82487
R002329,O027147,24331
R002330,O027151,18986
R002331,O027155,15584
R002332,O027193,34192
R002333,O027194,14807
R002334,O027216,6229
R002335,O027218,33421
R002336,O027222,7696
R002337,O027224,15150
R002338,O027227,36883
R002339,O027238,19498
R002340,O027243,38270
R002341,O027263,67940
R002342,O027267,79838
R002343,O027268,22472
R002344,O027269,28114
R002345,O027276,37544
R002346,O027280,22257
R002347,O027287,19666
R002348,O027299,59603
R002349,O027308,29814
R002350,O027313,18820
R002351,O027314,12896
R002352,O027319,8182
R002353,O027333,14803
R002354,O027337,39949
R002355,O027339,71248
R002356,O027342,16077
R002357,O027344,36787
R002358,O027377,20111
R002359,O027392,3366
R002360,O027418,15130
R002361,O027430,32933
R002362,O027456,34665
R002363,O027467,16612
R002364,O027473,15097
R002365,O027501,21590
R002366,O027527,21492
R002367,O027539,19841
R002368,O027556,4534
R002369,O027560,21009
R002370,O027564,2898
R002371,O027569,57259
R002372,O027572,35928
R002373,O027591,5488
R002374,O027604,5834
R002375,O027624,37917
R002376,O027631,35833
R002377,O027632,36881
R002378,O027637,27857
R002379,O027683,57071
R002380,O027684,15759
R002381,O027691,14455
R002382,O027699,23822
R002383,O027704,38291
R002384,O027707,19026
R002385,O027725,71918
R002386,O027770,15826
R002387,O027772,820
R002388,O027794,8178
R002389,O027811,13219
R002390,O027813,8088
R002391,O027816,22143
R002392,O027836,39679
R002393,O027840,17338
R002394,O027846,64421
R002395,O027868,3943
R002396,O027886,42323
R002397,O027900,39723
R002398,O027926,21712
R002399,O027939,11153
R002400,O027943,25713
R002401,O027944,3729
R002402,O027953,18716
R002403,O027985,35514
R002404,O027990,20121
R002405,O027992,72416
R002406,O028003,24614
R002407,O028006,10217
R002408,O028017,64230
R002409,O028020,32416
R002410,O028032,28945
R002411,O028034,17923
R002412,O028062,7589
R002413,O028069,51224
R002414,O028111,6893
R002415,O028139,30739
R002416,O028165,3194
R002417,O028190,24983
R002418,O028200,18378
R002419,O028221,42111
R002420,O028240,19776
R002421,O028241,39192
R002422,O028251,778
R002423,O028276,19535
R002424,O028292,17829
R002425,O028314,3615
R002426,O028332,73169
R002427,O028333,5666
R002428,O028338,26038
R002429,O028340,89188
R002430,O028352,33980
R002431,O028359,48868
R002432,O028361,8957
R002433,O028374,14357
R002434,O028381,6285
R002435,O028409,42266
R002436,O028411,43580
R002437,O028421,9744
R002438,O028442,11814
R002439,O028451,74056
R002440,O028454,8162
R002441,O028456,39913
R002442,O028461,12712
R002443,O028477,9147
R002444,O028479,22751
R002445,O028487,4574
R002446,O028504,31623
R002447,O028512,43267
R002448,O028547,11012
R002449,O028555,13279
R002450,O028565,25832
R002451,O028571,16944
R002452,O028616,31403
R002453,O028647,72258
R002454,O028649,10133
R002455,O028651,5692
R002456,O028665,43337
R002457,O028682,78676
R002458,O028709,41763
R002459,O028715,12770
R002460,O028739,4695
R002461,O028745,80412
R002462,O028753,36899
R002463,O028767,7875
R002464,O028782,13743
R002465,O028783,7202
R002466,O028796,51988
R002467,O028846,18821
R002468,O028855,1722
R002469,O028876,35564
R002470,O028881,11937
R002471,O028883,6609
R002472,O028887,18477
R002473,O028894,10386
R002474,O028912,58017
R002475,O028923,6106
R002476,O028928,7333
R002477,O028957,7711
R002478,O028960,42002
R002479,O028966,10199
R002480,O028984,9419
R002481,O028993,18205
R002482,O029004,40319
R002483,O029010,9936
R002484,O029034,16323
R002485,O029059,11967
R002486,O029063,20841
R002487,O029083,27097
R002488,O029110,44244
R002489,O029119,40464
R002490,O029133,75901
R002491,O029142,25596
R002492,O029155,8112
R002493,O029165,4713
R002494,O029184,23284
R002495,O029221,30998
R002496,O029234,29540
R002497,O029281,3811
R002498,O029307,88880
R002499,O029327,6332
R002500,O029330,80546
R002501,O029333,12851
R002502,O029334,77796
R002503,O029367,15568
R002504,O029374,12112
R002505,O029385,40274
R002506,O029386,20961
R002507,O029387,8981
R002508,O029388,78626
R002509,O029397,26939
R002510,O029404,16368
R002511,O029417,30335
R002512,O029433,77120
R002513,O029448,3664
R002514,O029450,70404
R002515,O029462,13241
R002516,O029464,70363
R002517,O029475,7471
R002518,O029484,25302
R002519,O029499,27701
R002520,O029506,29568
R002521,O029513,20792
R002522,O029524,67508
R002523,O029551,6595
R002524,O029591,30353
R002525,O029598,76604
R002526,O029607,8033
R002527,O029621,4841
R002528,O029622,7214
R002529,O029626,49425
R002530,O029633,3802
R002531,O029634,1346
R002532,O029637,7706
R002533,O029644,5391
R002534,O029665,6719
R002535,O029666,4789
R002536,O029667,4333
R002537,O029674,28777
R002538,O029676,14541
R002539,O029681,50687
R002540,O029682,7626
R002541,O029685,39730
R002542,O029720,40725
R002543,O029740,32442
R002544,O029749,10965
R002545,O029753,6767
R002546,O029762,17245
R002547,O029774,37131
R002548,O029780,81595
R002549,O029782,16646
R002550,O029823,21356
R002551,O029833,37697
R002552,O029849,37907
R002553,O029863,9181
R002554,O029867,17717
R002555,O029876,11821
R002556,O029889,29608
R002557,O029900,7309
R002558,O029909,38470
R002559,O029913,6456
R002560,O029968,67988
R002561,O029982,9612
R002562,O029995,42985
R002563,O030002,22656
R002564,O030004,6557
R002565,O030039,37830
R002566,O030062,2779
R002567,O030079,33961
R002568,O030092,11748
R002569,O030095,17721
R002570,O030113,46166
R002571,O030115,16085
R002572,O030122,8122
R002573,O030123,16176
R002574,O030124,9669
R002575,O030129,11101
R002576,O030131,5859
R002577,O030144,19311
R002578,O030153,32119
R002579,O030161,3286
R002580,O030171,17939
R002581,O030175,13285
R002582,O030179,5849
R002583,O030190,19662
R002584,O030248,35445
R002585,O030277,40521
R002586,O030291,44652
R002587,O030299,38010
R002588,O030305,78156
R002589,O030314,2017
R002590,O030335,6364
R002591,O030347,64467
R002592,O030368,37074
R002593,O030369,78092
R002594,O030384,14338
R002595,O030385,42295
R002596,O030394,31788
R002597,O030398,11441
R002598,O030400,8508
R002599,O030484,60191
R002600,O030503,10455
R002601,O030535,75657
R002602,O030536,18310
R002603,O030541,2604
R002604,O030545,57051
R002605,O030553,33007
R002606,O030565,39234
R002607,O030566,14796
R002608,O030584,34585
R002609,O030597,10572
R002610,O030599,12411
R002611,O030626,68678
R002612,O030640,24868
R002613,O030659,17137
R002614,O030663,18448
R002615,O030681,13763
R002616,O030711,85100
R002617,O030713,61738
R002618,O030714,81210
R002619,O030741,8970
R002620,O030752,9910
R002621,O030774,26829
R002622,O030779,43159
R002623,O030803,23468
R002624,O030805,2144
R002625,O030807,67128
R002626,O030808,21231
R002627,O030809,35784
R002628,O030811,4960
R002629,O030821,22238
R002630,O030822,11970
R002631,O030825,30207
R002632,O030836,8752
R002633,O030842,48531
R002634,O030848,3120
R002635,O030858,14316
R002636,O030864,16442
R002637,O030893,33782
R002638,O030915,28161
R002639,O030927,16651
R002640,O030950,2120
R002641,O030955,21102
R002642,O031023,76037
R002643,O031024,19268
R002644,O031029,14909
R002645,O031034,34387
R002646,O031060,6488
R002647,O031066,5839
R002648,O031074,24980
R002649,O031077,69748
R002650,O031078,4747
R002651,O031087,17957
R002652,O031097,9888
R002653,O031102,30388
R002654,O031108,5755
R002655,O031113,26278
R002656,O031115,2758
R002657,O031138,3092
R002658,O031149,16078
R002659,O031150,27426
R002660,O031159,21809
R002661,O031160,54896
R002662,O031180,6645
R002663,O031193,40366
R002664,O031203,41466
R002665,O031214,21505
R002666,O031228,40993
R002667,O031235,13858
R002668,O031243,2609
R002669,O031257,43381
R002670,O031270,25895
R002671,O031289,56121
R002672,O031343,16495
R002673,O031359,6213
R002674,O031372,6157
R002675,O031379,20532
R002676,O031388,78677
R002677,O031393,16964
R002678,O031394,42811
R002679,O031414,3402
R002680,O031424,20539
R002681,O031434,18533
R002682,O031442,18001
R002683,O031451,7850
R002684,O031460,6998
R002685,O031465,16534
R002686,O031470,14812
R002687,O031478,14300
R002688,O031493,17977
R002689,O031509,28013
R002690,O031510,31685
R002691,O031518,1894
R002692,O031519,9584
R002693,O031520,18992
R002694,O031540,12101
R002695,O031553,6447
R002696,O031561,22994
R002697,O031563,30633
R002698,O031565,13215
R002699,O031567,38052
R002700,O031570,18240
R002701,O031577,27262
R002702,O031603,26113
R002703,O031612,55295
R002704,O031626,35393
R002705,O031630,1816
R002706,O031633,8209
R002707,O031638,27511
R002708,O031655,32024
R002709,O031657,14089
R002710,O031662,35219
R002711,O031677,2363
R002712,O031701,36308
R002713,O031755,14567
R002714,O031757,21704
R002715,O031759,4411
R002716,O031762,27610
R002717,O031764,4903
R002718,O031790,26547
R002719,O031814,39196
R002720,O031833,20309
R002721,O031854,62739
R002722,O031856,16606
R002723,O031898,2059
R002724,O031900,65579
R002725,O031912,7307
R002726,O031914,19236
R002727,O031926,36848
R002728,O031929,13426
R002729,O031932,17143
R002730,O031940,2027
R002731,O031951,4273
R002732,O031953,43553
R002733,O031955,17884
R002734,O031958,19817
R002735,O031960,9671
R002736,O031962,5054
R002737,O031967,7114
R002738,O031969,10077
R002739,O031975,53856
R002740,O032032,14011
R002741,O032043,45298
R002742,O032058,4899
R002743,O032064,2270
R002744,O032075,36148
R002745,O032077,10499
R002746,O032101,7812
R002747,O032106,13687
R002748,O032108,3931
R002749,O032130,23290
R002750,O032148,19549
R002751,O032159,3686
R002752,O032165,34600
R002753,O032202,6994
R002754,O032215,20304
R002755,O032218,3574
R002756,O032224,10914
R002757,O032239,6785
R002758,O032242,10282
R002759,O032280,14934
R002760,O032298,35698
R002761,O032307,38685
R002762,O032313,52389
R002763,O032325,90161
R002764,O032329,2128
R002765,O032336,22268
R002766,O032349,13849
R002767,O032388,4087
R002768,O032395,13915
R002769,O032405,16743
R002770,O032407,19176
R002771,O032440,15670
R002772,O032446,18719
R002773,O032450,3502
R002774,O032451,52026
R002775,O032456,16092
R002776,O032463,8419
R002777,O032464,1777
R002778,O032465,16354
R002779,O032498,27716
R002780,O032520,11174
R002781,O032521,18194
R002782,O032534,23216
R002783,O032548,1084
R002784,O032555,4526
R002785,O032566,3451
R002786,O032577,21469
R002787,O032583,16244
R002788,O032589,22012
R002789,O032595,39540
R002790,O032599,30341
R002791,O032600,17924
R002792,O032613,33125
R002793,O032626,36388
R002794,O032628,8425
R002795,O032633,8852
R002796,O032639,69782
R002797,O032647,7444
R002798,O032681,9367
R002799,O032692,6174
R002800,O032697,42637
R002801,O032703,9928
R002802,O032706,79378
R002803,O032720,21645
R002804,O032725,6675
R002805,O032736,16517
R002806,O032752,15473
R002807,O032760,12210
R002808,O032762,15643
R002809,O032790,4059
R002810,O032793,21236
R002811,O032794,38076
R002812,O032833,10235
R002813,O032855,10191
R002814,O032869,21032
R002815,O032870,12092
R002816,O032873,26220
R002817,O032886,2766
R002818,O032892,5979
R002819,O032924,13375
R002820,O032930,15764
R002821,O032954,10217
R002822,O032963,30688
R002823,O032979,38368
R002824,O033039,33630
R002825,O033053,44800
R002826,O033062,42483
R002827,O033066,3447
R002828,O033079,69231
R002829,O033105,24420
R002830,O033119,12513
R002831,O033127,735
R002832,O033147,17693
R002833,O033151,40813
R002834,O033160,19368
R002835,O033162,22402
R002836,O033163,10160
R002837,O033186,33380
R002838,O033205,60671
R002839,O033229,48234
R002840,O033267,8265
R002841,O033271,2965
R002842,O033276,2756
R002843,O033311,48687
R002844,O033320,10528
R002845,O033329,18225
R002846,O033351,12454
R002847,O033354,42488
R002848,O033358,84379
R002849,O033367,28731
R002850,O033370,11793
R002851,O033374,7702
R002852,O033376,31074
R002853,O033379,7722
R002854,O033394,41016
R002855,O033415,12130
R002856,O033429,14800
R002857,O033441,61436
R002858,O033444,60693
R002859,O033447,54681
R002860,O033476,74555
R002861,O033488,9751
R002862,O033494,20994
R002863,O033504,7798
R002864,O033529,7759
R002865,O033550,1992
R002866,O033555,6828
R002867,O033558,14104
R002868,O033571,14674
R002869,O033574,45623
R002870,O033581,23245
R002871,O033588,11715
R002872,O033589,44420
R002873,O033596,11672
R002874,O033600,20532
R002875,O033624,12952
R002876,O033641,31338
R002877,O033680,1633
R002878,O033681,13424
R002879,O033682,13671
R002880,O033711,16388
R002881,O033717,66279
R002882,O033727,3825
R002883,O033738,20838
R002884,O033741,24818
R002885,O033753,31961
R002886,O033759,11937
R002887,O033762,4221
R002888,O033779,14838
R002889,O033785,19519
R002890,O033791,70768
R002891,O033803,6225
R002892,O033806,43172
R002893,O033809,18431
R002894,O033817,3993
R002895,O033819,6345
R002896,O033834,17063
R002897,O033841,3488
R002898,O033863,14719
R002899,O033884,14799
R002900,O033915,34925
R002901,O033922,7773
R002902,O033935,29874
R002903,O033938,20712
R002904,O033940,31745
R002905,O033947,14675
R002906,O033952,15850
R002907,O033957,42601
R002908,O033970,26235
R002909,O033979,15462
R002910,O033981,38461
R002911,O033991,4797
R002912,O033999,17316
R002913,O034000,67725
R002914,O034003,29018
R002915,O034007,21346
R002916,O034011,2534
R002917,O034012,29850
R002918,O034018,11623
R002919,O034029,30963
R002920,O034046,24684
R002921,O034070,9759
R002922,O034086,29963
R002923,O034101,64305
R002924,O034113,10491
R002925,O034115,5711
R002926,O034131,9153
R002927,O034162,15018
R002928,O034176,74173
R002929,O034178,808
R002930,O034179,1799
R002931,O034186,2872
R002932,O034193,14340
R002933,O034199,28725
R002934,O034200,15919
R002935,O034209,6952
R002936,O034223,20197
R002937,O034236,31070
R002938,O034246,14133
R002939,O034255,34261
R002940,O034278,9639
R002941,O034306,28139
R002942,O034325,17564
R002943,O034334,10815
R002944,O034337,6180
R002945,O034338,14796
R002946,O034384,12864
R002947,O034399,9050
R002948,O034407,21652
R002949,O034413,38091
R002950,O034430,11906
R002951,O034434,7173
R002952,O034441,5717
R002953,O034473,12903
R002954,O034474,2971
R002955,O034483,37389
R002956,O034484,21386
R002957,O034486,5122
R002958,O034489,69489
R002959,O034501,36857
R002960,O034503,13299
R002961,O034547,19022
R002962,O034556,84716
R002963,O034575,19985
R002964,O034585,22573
R002965,O034591,11273
R002966,O034599,1496
R002967,O034617,26973
R002968,O034618,14680
R002969,O034621,19493
R002970,O034628,2963
R002971,O034650,20087
R002972,O034660,27150
R002973,O034676,54507
R002974,O034690,10009
R002975,O034707,21323
R002976,O034708,11744
R002977,O034731,11050
R002978,O034736,10048
R002979,O034744,9298
R002980,O034747,7754
R002981,O034748,32107
R002982,O034776,17722
R002983,O034779,20325
R002984,O034792,67845
R002985,O034819,6511
R002986,O034835,6484
R002987,O034848,13770
R002988,O034849,65610
R002989,O034861,82097
R002990,O034886,38051
R002991,O034888,8820
R002992,O034889,20446
R002993,O034897,32246
R002994,O034910,9164
R002995,O034920,8984
R002996,O034928,4460
R002997,O034958,21487
R002998,O034961,40362
R002999,O034979,23846
R003000,O034991,18119
R003001,O035040,14433
R003002,O035045,11062
R003003,O035073,7053
R003004,O035086,21363
R003005,O035092,17104
R003006,O035098,12725
R003007,O035099,947
R003008,O035128,4089
R003009,O035178,1683
R003010,O035217,20389
R003011,O035227,64626
R003012,O035238,14674
R003013,O035249,40823
R003014,O035256,1739
R003015,O035264,2858
R003016,O035273,16091
R003017,O035286,14581
R003018,O035289,88084
R003019,O035301,7367
R003020,O035312,36699
R003021,O035313,11902
R003022,O035324,30864
R003023,O035328,18615
R003024,O035331,64290
R003025,O035334,11464
R003026,O035346,45762
R003027,O035351,77217
R003028,O035371,9863
R003029,O035406,39102
R003030,O035411,3311
R003031,O035429,18198
R003032,O035430,4600
R003033,O035463,10620
R003034,O035487,6368
R003035,O035497,18509
R003036,O035513,28651
R003037,O035518,6912
R003038,O035552,44273
R003039,O035593,28789
R003040,O035633,5045
R003041,O035637,2249
R003042,O035659,14533
R003043,O035661,17496
R003044,O035666,4307
R003045,O035670,23239
R003046,O035698,20970
R003047,O035710,64154
R003048,O035726,38008
R003049,O035730,7410
R003050,O035738,20110
R003051,O035763,14251
R003052,O035789,20479
R003053,O035793,9703
R003054,O035797,17211
R003055,O035813,2998
R003056,O035814,33018
R003057,O035827,24868
R003058,O035828,21129
R003059,O035831,17366
R003060,O035848,20058
R003061,O035869,36762
R003062,O035873,18823
R003063,O035915,30253
R003064,O035924,41073
R003065,O035929,1091
R003066,O035930,16282
R003067,O035932,67730
R003068,O035947,16862
R003069,O035954,60151
R003070,O035958,32466
R003071,O035959,4108
R003072,O035962,5615
R003073,O035970,8511
R003074,O035974,52418
R003075,O035986,37424
R003076,O036017,12653
R003077,O036026,26019
R003078,O036031,70687
R003079,O036042,19758
R003080,O036055,13555
R003081,O036061,12534
R003082,O036066,20036
R003083,O036067,35565
R003084,O036105,42236
R003085,O036116,37653
R003086,O036124,17652
R003087,O036142,48364
R003088,O036152,18399
R003089,O036206,80202
R003090,O036238,78266
R003091,O036299,20201
R003092,O036309,10501
R003093,O036315,18626
R003094,O036326,27621
R003095,O036366,17586
R003096,O036372,39861
R003097,O036376,17784
R003098,O036402,19442
R003099,O036405,40124
R003100,O036417,2407
R003101,O036440,45089
R003102,O036441,16085
R003103,O036443,27654
R003104,O036449,12485
R003105,O036465,6852
R003106,O036470,14047
R003107,O036473,7307
R003108,O036507,37294
R003109,O036513,13026
R003110,O036517,20077
R003111,O036519,29939
R003112,O036520,14294
R003113,O036523,16375
R003114,O036551,47339
R003115,O036559,90808
R003116,O036570,12169
R003117,O036588,3084
R003118,O036589,69268
R003119,O036595,17135
R003120,O036606,14341
R003121,O036611,16402
R003122,O036621,45379
R003123,O036634,22245
R003124,O036635,81044
R003125,O036636,10883
R003126,O036640,64844
R003127,O036648,27840
R003128,O036656,31705
R003129,O036658,5749
R003130,O036662,3949
R003131,O036687,9097
R003132,O036704,19859
R003133,O036732,49152
R003134,O036746,26474
R003135,O036749,78189
R003136,O036754,18358
R003137,O036756,31845
R003138,O036793,34702
R003139,O036801,10124
R003140,O036815,3025
R003141,O036820,22625
R003142,O036848,56120
R003143,O036851,3087
R003144,O036853,12519
R003145,O036888,7524
R003146,O036955,2910
R003147,O036977,20376
R003148,O036983,14899
R003149,O036999,87938
R003150,O037000,17276
R003151,O037008,8195
R003152,O037009,37317
R003153,O037028,15141
R003154,O037052,6752
R003155,O037070,35635
R003156,O037072,17994
R003157,O037086,3545
R003158,O037120,6377
R003159,O037125,18132
R003160,O037148,13242
R003161,O037166,787
R003162,O037173,12729
R003163,O037195,24995
R003164,O037198,30585
R003165,O037206,23109
R003166,O037209,22469
R003167,O037214,41106
R003168,O037227,1107
R003169,O037229,58326
R003170,O037235,17970
R003171,O037254,39472
R003172,O037256,18488
R003173,O037275,8242
R003174,O037277,27097
R003175,O037289,6133
R003176,O037316,28776
R003177,O037317,4561
R003178,O037321,61905
R003179,O037328,12014
R003180,O037335,11071
R003181,O037351,31727
R003182,O037357,36173
R003183,O037365,11074
R003184,O037367,8727
R003185,O037377,22986
R003186,O037398,53079
R003187,O037421,56452
R003188,O037423,8294
R003189,O037445,41105
R003190,O037447,3004
R003191,O037474,6899
R003192,O037477,37797
R003193,O037485,4121
R003194,O037496,38654
R003195,O037522,5108
R003196,O037536,3206
R003197,O037550,13400
R003198,O037561,12770
R003199,O037566,17494
R003200,O037568,13900
R003201,O037588,17918
R003202,O037597,17197
R003203,O037612,12788
R003204,O037613,16030
R003205,O037621,15957
R003206,O037671,10516
R003207,O037684,25106
R003208,O037689,78464
R003209,O037696,5676
R003210,O037709,6380
R003211,O037714,29069
R003212,O037716,53181
R003213,O037718,8232
R003214,O037742,21333
R003215,O037767,2970
R003216,O037768,12125
R003217,O037782,1651
R003218,O037789,37636
R003219,O037790,52142
R003220,O037792,35252
R003221,O037823,20565
R003222,O037827,33242
R003223,O037837,13753
R003224,O037873,11126
R003225,O037876,62169
R003226,O037881,30186
R003227,O037920,14216
R003228,O037934,44479
R003229,O037937,72462
R003230,O037955,57451
R003231,O037982,20288
R003232,O037998,77299
R003233,O038018,12268
R003234,O038027,6048
R003235,O038046,24404
R003236,O038063,16431
R003237,O038073,68181
R003238,O038096,9806
R003239,O038103,14261
R003240,O038130,79728
R003241,O038149,77750
R003242,O038157,19257
R003243,O038182,35831
R003244,O038198,13406
R003245,O038207,8511
R003246,O038219,13316
R003247,O038243,3923
R003248,O038266,4857
R003249,O038272,24784
R003250,O038291,23239
R003251,O038302,51925
R003252,O038310,4132
R003253,O038329,29033
R003254,O038330,7254
R003255,O038334,63712
R003256,O038360,30211
R003257,O038389,24178
R003258,O038391,20171
R003259,O038411,18125
R003260,O038432,20012
R003261,O038444,8249
R003262,O038446,55238
R003263,O038453,77196
R003264,O038479,10011
R003265,O038480,36516
R003266,O038484,55251
R003267,O038515,4309
R003268,O038534,13918
R003269,O038544,49946
R003270,O038557,21781
R003271,O038577,6768
R003272,O038583,26623
R003273,O038596,21315
R003274,O038598,5487
R003275,O038604,18850
R003276,O038607,32596
R003277,O038626,9265
R003278,O038635,32694
R003279,O038650,28318
R003280,O038659,16515
R003281,O038671,65755
R003282,O038703,77394
R003283,O038718,5856
R003284,O038748,39813
R003285,O038753,14419
R003286,O038756,69005
R003287,O038770,6574
R003288,O038814,36441
R003289,O038819,21046
R003290,O038825,9479
R003291,O038827,49196
R003292,O038834,20812
R003293,O038851,19417
R003294,O038867,56280
R003295,O038879,83237
R003296,O038901,5875
R003297,O038911,88735
R003298,O038923,37789
R003299,O038926,14033
R003300,O038943,35902
R003301,O038944,5086
R003302,O038945,16983
R003303,O038973,12537
R003304,O038977,9804
R003305,O038978,50574
R003306,O038985,15916
R003307,O038991,34629
R003308,O039006,18989
R003309,O039011,42086
R003310,O039019,20286
R003311,O039040,10007
R003312,O039042,22973
R003313,O039059,54499
R003314,O039085,52965
R003315,O039109,39629
R003316,O039117,29318
R003317,O039130,62099
R003318,O039158,82982
R003319,O039165,89063
R003320,O039168,34689
R003321,O039177,17658
R003322,O039183,35673
R003323,O039186,9652
R003324,O039206,46572
R003325,O039223,21808
R003326,O039228,73375
R003327,O039249,13080
R003328,O039266,7955
R003329,O039285,15307
R003330,O039302,38907
R003331,O039307,9647
R003332,O039318,19807
R003333,O039321,9674
R003334,O039390,3396
R003335,O039444,1338
R003336,O039448,45459
R003337,O039475,20134
R003338,O039481,1799
R003339,O039506,61981
R003340,O039508,19119
R003341,O039511,5209
R003342,O039554,51829
R003343,O039569,1411
R003344,O039574,8425
R003345,O039576,30691
R003346,O039580,5819
R003347,O039581,71104
R003348,O039582,66943
R003349,O039602,13619
R003350,O039615,10815
R003351,O039641,38404
R003352,O039671,4880
R003353,O039683,77026
R003354,O039700,6063
R003355,O039709,9940
R003356,O039726,20216
R003357,O039734,26057
R003358,O039737,47742
R003359,O039746,16812
R003360,O039759,30021
R003361,O039762,6845
R003362,O039793,17169
R003363,O039797,3169
R003364,O039798,33178
R003365,O039808,8085
R003366,O039816,2801
R003367,O039824,13971
R003368,O039849,7152
R003369,O039850,82350
R003370,O039852,32551
R003371,O039870,64743
R003372,O039874,31125
R003373,O039890,82834
R003374,O039915,11478
R003375,O039922,20623
R003376,O039927,5613
R003377,O039932,68493
R003378,O039938,19850
R003379,O039950,6442
R003380,O039981,18695
R003381,O039983,55523
R003382,O039987,46587
R003383,O040029,52413
R003384,O040034,54750
R003385,O040037,30947
R003386,O040038,19026
R003387,O040040,15915
R003388,O040070,9854
R003389,O040083,18161
R003390,O040089,66282
R003391,O040090,8441
R003392,O040092,15773
R003393,O040098,3477
R003394,O040108,77427
R003395,O040125,14445
R003396,O040137,3383
R003397,O040168,17821
R003398,O040174,66998
R003399,O040175,9093
R003400,O040184,7508
R003401,O040198,40861
R003402,O040204,18233
R003403,O040224,11964
R003404,O040228,5992
R003405,O040232,20756
R003406,O040244,6784
R003407,O040255,32915
R003408,O040258,5902
R003409,O040262,12919
R003410,O040272,14441
R003411,O040276,39687
R003412,O040277,62304
R003413,O040283,16945
R003414,O040284,15954
R003415,O040305,21434
R003416,O040311,2351
R003417,O040333,7830
R003418,O040340,82678
R003419,O040382,81996
R003420,O040388,10926
R003421,O040391,15409
R003422,O040399,44412
R003423,O040407,31026
R003424,O040419,25230
R003425,O040421,58266
R003426,O040422,11622
R003427,O040446,18922
R003428,O040453,6706
R003429,O040473,37312
R003430,O040495,15088
R003431,O040510,16731
R003432,O040557,10387
R003433,O040563,11537
R003434,O040569,20501
R003435,O040570,5267
R003436,O040573,13026
R003437,O040576,8820
R003438,O040577,11014
R003439,O040582,9546
R003440,O040593,2879
R003441,O040596,27228
R003442,O040617,78773
R003443,O040678,69784
R003444,O040712,15018
R003445,O040729,17114
R003446,O040748,20017
R003447,O040754,4587
R003448,O040765,37527
R003449,O040779,12824
R003450,O040788,6444
R003451,O040789,1351
R003452,O040803,41294
R003453,O040809,6855
R003454,O040819,36201
R003455,O040822,5092
R003456,O040827,20120
R003457,O040830,21963
R003458,O040831,12289
R003459,O040836,28252
R003460,O040837,48039
R003461,O040859,74250
R003462,O040862,7477
R003463,O040864,6840
R003464,O040880,13578
R003465,O040907,18123
R003466,O040912,9369
R003467,O040941,41955
R003468,O040976,2782
R003469,O040981,34841
R003470,O040983,13854
R003471,O040998,67193
R003472,O041009,43844
R003473,O041024,42956
R003474,O041028,20668
R003475,O041032,21232
R003476,O041037,8329
R003477,O041043,42224
R003478,O041047,6926
R003479,O041053,5102
R003480,O041070,16168
R003481,O041076,91112
R003482,O041080,60986
R003483,O041082,19611
R003484,O041089,14162
R003485,O041121,11235
R003486,O041122,9881
R003487,O041128,81345
R003488,O041130,54172
R003489,O041147,4636
R003490,O041150,15056
R003491,O041158,3154
R003492,O041174,31468
R003493,O041176,5406
R003494,O041179,3983
R003495,O041185,29580
R003496,O041219,27971
R003497,O041240,14188
R003498,O041259,3808
R003499,O041275,2377
R003500,O041302,4239
R003501,O041326,34443
R003502,O041339,39095
R003503,O041347,83039
R003504,O041358,7482
R003505,O041366,8979
R003506,O041370,78661
R003507,O041390,52231
R003508,O041391,16321
R003509,O041392,2750
R003510,O041402,15827
R003511,O041421,40093
R003512,O041440,80875
R003513,O041444,13207
R003514,O041453,74883
R003515,O041454,17475
R003516,O041461,14770
R003517,O041476,87039
R003518,O041501,10368
R003519,O041506,37086
R003520,O041532,80855
R003521,O041535,17595
R003522,O041551,29351
R003523,O041554,13210
R003524,O041564,9154
R003525,O041587,16293
R003526,O041589,81817
R003527,O041612,12892
R003528,O041628,42762
R003529,O041641,70177
R003530,O041646,64771
R003531,O041654,40366
R003532,O041669,33629
R003533,O041681,13009
R003534,O041688,18504
R003535,O041698,1447
R003536,O041710,43969
R003537,O041716,4815
R003538,O041731,21342
R003539,O041750,17115
R003540,O041756,14300
R003541,O041759,6969
R003542,O041762,16073
R003543,O041797,15932
R003544,O041798,21354
R003545,O041813,14992
R003546,O041815,23301
R003547,O041817,14048
R003548,O041821,27457
R003549,O041833,43258
R003550,O041854,38158
R003551,O041858,12839
R003552,O041860,4816
R003553,O041869,4090
R003554,O041887,80577
R003555,O041902,32280
R003556,O041910,15750
R003557,O041928,20834
R003558,O041958,25050
R003559,O041983,17974
R003560,O042000,833
R003561,O042021,44382
R003562,O042046,34215
R003563,O042054,5860
R003564,O042057,71195
R003565,O042064,34878
R003566,O042079,44780
R003567,O042080,14273
R003568,O042092,14453
R003569,O042097,22990
R003570,O042102,58266
R003571,O042105,33977
R003572,O042110,23579
R003573,O042123,17576
R003574,O042141,740
R003575,O042145,20895
R003576,O042146,4783
R003577,O042152,81801
R003578,O042154,2803
R003579,O042160,25312
R003580,O042174,20967
R003581,O042198,37889
R003582,O042200,74911
R003583,O042201,80829
R003584,O042206,4178
R003585,O042226,15397
R003586,O042241,56382
R003587,O042251,27265
R003588,O042272,6551
R003589,O042276,35148
R003590,O042282,51929
R003591,O042310,9887
R003592,O042319,42418
R003593,O042332,15650
R003594,O042341,17545
R003595,O042355,52296
R003596,O042366,63880
R003597,O042381,2740
R003598,O042389,3567
R003599,O042405,37973
R003600,O042422,16540
R003601,O042432,80731
R003602,O042447,92057
R003603,O042467,42352
R003604,O042478,11088
R003605,O042503,18670
R003606,O042506,22446
R003607,O042507,13135
R003608,O042521,37640
R003609,O042539,14639
R003610,O042596,19079
R003611,O042601,55099
R003612,O042612,5824
R003613,O042615,5016
R003614,O042624,40805
R003615,O042638,18299
R003616,O042655,23529
R003617,O042656,50880
R003618,O042666,23851
R003619,O042704,85720
R003620,O042719,14793
R003621,O042742,17112
R003622,O042745,37504
R003623,O042749,11617
R003624,O042751,5243
R003625,O042792,10120
R003626,O042796,5880
R003627,O042802,11492
R003628,O042828,44803
R003629,O042832,70852
R003630,O042878,79292
R003631,O042883,13470
R003632,O042887,21235
R003633,O042926,10400
R003634,O042929,2349
R003635,O042940,27695
R003636,O042951,22733
R003637,O042964,28632
R003638,O042977,79470
R003639,O043037,8553
R003640,O043045,11987
R003641,O043046,9444
R003642,O043047,13975
R003643,O043074,2575
R003644,O043094,15762
R003645,O043096,19311
R003646,O043101,77628
R003647,O043103,5103
R003648,O043112,84202
R003649,O043141,8950
R003650,O043142,12487
R003651,O043147,2448
R003652,O043150,10663
R003653,O043155,75392
R003654,O043158,6515
R003655,O043159,83696
R003656,O043163,11156
R003657,O043183,12610
R003658,O043184,20250
R003659,O043203,29095
R003660,O043206,21264
R003661,O043213,17886
R003662,O043232,18875
R003663,O043246,10695
R003664,O043266,38290
R003665,O043275,45809
R003666,O043282,1896
R003667,O043284,11984
R003668,O043299,39862
R003669,O043301,845
R003670,O043302,30724
R003671,O043303,5137
R003672,O043312,22006
R003673,O043329,11073
R003674,O043337,18985
R003675,O043345,27912
R003676,O043350,16816
R003677,O043353,21365
R003678,O043356,79486
R003679,O043359,22248
R003680,O043376,3559
R003681,O043385,10682
R003682,O043404,63161
R003683,O043423,34820
R003684,O043434,19069
R003685,O043444,47366
R003686,O043448,10787
R003687,O043453,71620
R003688,O043463,2795
R003689,O043470,6452
R003690,O043479,16064
R003691,O043496,79525
R003692,O043503,4240
R003693,O043529,3399
R003694,O043530,15239
R003695,O043533,81551
R003696,O043542,4412
R003697,O043543,22998
R003698,O043571,68527
R003699,O043597,10491
R003700,O043614,10793
R003701,O043619,986
R003702,O043631,21601
R003703,O043644,29994
R003704,O043653,899
R003705,O043664,1011
R003706,O043669,15949
R003707,O043671,12708
R003708,O043691,17154
R003709,O043711,2066
R003710,O043723,42080
R003711,O043741,14751
R003712,O043743,1517
R003713,O043745,21741
R003714,O043759,19055
R003715,O043768,18679
R003716,O043770,31380
R003717,O043782,14483
R003718,O043786,14844
R003719,O043787,9571
R003720,O043794,68320
R003721,O043822,73670
R003722,O043839,8187
R003723,O043845,32000
R003724,O043875,20525
R003725,O043888,18179
R003726,O043913,24169
R003727,O043952,28508
R003728,O043967,66195
R003729,O043970,28085
R003730,O043990,14911
R003731,O044003,19041
R003732,O044012,73113
R003733,O044044,12168
R003734,O044050,10488
R003735,O044062,30371
R003736,O044098,6511
R003737,O044104,7411
R003738,O044109,23189
R003739,O044111,34351
R003740,O044115,24408
R003741,O044124,43084
R003742,O044138,90653
R003743,O044142,12070
R003744,O044143,48755
R003745,O044146,27006
R003746,O044152,14137
R003747,O044161,49637
R003748,O044168,12451
R003749,O044170,14577
R003750,O044175,36507
R003751,O044177,60881
R003752,O044178,19612
R003753,O044186,16940
R003754,O044189,4325
R003755,O044193,8546
R003756,O044195,9385
R003757,O044203,12307
R003758,O044263,16869
R003759,O044265,32829
R003760,O044268,1838
R003761,O044271,36660
R003762,O044286,24993
R003763,O044294,16818
R003764,O044329,9580
R003765,O044331,4194
R003766,O044339,12570
R003767,O044342,42575
R003768,O044368,90165
R003769,O044378,54757
R003770,O044387,53009
R003771,O044398,2755
R003772,O044412,22158
R003773,O044420,21328
R003774,O044447,982
R003775,O044449,21315
R003776,O044478,45557
R003777,O044481,68381
R003778,O044483,4801
R003779,O044490,26225
R003780,O044503,30584
R003781,O044512,20734
R003782,O044525,37279
R003783,O044533,19866
R003784,O044555,17502
R003785,O044573,33958
R003786,O044578,10327
R003787,O044579,33094
R003788,O044586,14384
R003789,O044600,1162
R003790,O044656,12756
R003791,O044669,85754
R003792,O044673,15009
R003793,O044725,13403
R003794,O044726,18988
R003795,O044727,12399
R003796,O044743,30756
R003797,O044755,19820
R003798,O044762,32476
R003799,O044763,24990
R003800,O044766,12658
R003801,O044769,18379
R003802,O044771,15486
R003803,O044783,3274
R003804,O044795,14403
R003805,O044829,19266
R003806,O044832,23099
R003807,O044849,55172
R003808,O044851,82570
R003809,O044866,18295
R003810,O044879,14022
R003811,O044898,12191
R003812,O044910,55385
R003813,O044916,3205
R003814,O044926,7160
R003815,O044933,20800
R003816,O044940,21173
R003817,O044943,22458
R003818,O044949,37876
R003819,O044957,17786
R003820,O044959,6105
R003821,O044978,6294
R003822,O044992,2412
R003823,O044996,41226
R003824,O045024,39852
R003825,O045026,24347
R003826,O045066,7931
R003827,O045069,51096
R003828,O045075,4655
R003829,O045083,63384
R003830,O045102,4324
R003831,O045104,13777
R003832,O045121,92602
R003833,O045130,15980
R003834,O045133,3654
R003835,O045141,14547
R003836,O045146,80527
R003837,O045153,15414
R003838,O045167,21210
R003839,O045171,78838
R003840,O045179,77442
R003841,O045191,68969
R003842,O045207,4243
R003843,O045223,55686
R003844,O045234,24395
R003845,O045247,27730
R003846,O045255,23898
R003847,O045264,8794
R003848,O045266,28438
R003849,O045268,26306
R003850,O045273,20048
R003851,O045275,45552
R003852,O045287,10947
R003853,O045295,3677
R003854,O045317,69660
R003855,O045319,18800
R003856,O045365,49171
R003857,O045371,60066
R003858,O045379,7363
R003859,O045401,10255
R003860,O045420,6249
R003861,O045424,78163
R003862,O045441,9409
R003863,O045450,21379
R003864,O045457,37911
R003865,O045459,7416
R003866,O045487,54831
R003867,O045489,17102
R003868,O045518,66818
R003869,O045534,4486
R003870,O045540,1699
R003871,O045544,22052
R003872,O045545,2572
R003873,O045551,54606
R003874,O045552,74909
R003875,O045558,3741
R003876,O045572,30756
R003877,O045579,6633
R003878,O045580,42846
R003879,O045587,12093
R003880,O045594,10231
R003881,O045597,2954
R003882,O045598,35317
R003883,O045612,44053
R003884,O045614,7817
R003885,O045627,54458
R003886,O045630,19096
R003887,O045634,14142
R003888,O045635,18287
R003889,O045652,7208
R003890,O045671,18431
R003891,O045681,12185
R003892,O045710,11368
R003893,O045721,33950
R003894,O045726,7415
R003895,O045742,16894
R003896,O045758,5726
R003897,O045766,19064
R003898,O045778,17232
R003899,O045786,22084
R003900,O045791,34936
R003901,O045794,2813
R003902,O045817,7590
R003903,O045818,6961
R003904,O045827,20806
R003905,O045833,21361
R003906,O045844,20756
R003907,O045849,43681
R003908,O045853,10939
R003909,O045855,71966
R003910,O045886,78222
R003911,O045889,10694
R003912,O045892,14351
R003913,O045893,8552
R003914,O045894,24876
R003915,O045901,20641
R003916,O045907,45431
R003917,O045912,8958
R003918,O045946,48034
R003919,O045948,22693
R003920,O045959,25063
R003921,O045973,40376
R003922,O045987,2879
R003923,O045995,14235
R003924,O046006,1931
R003925,O046013,35345
R003926,O046016,4026
R003927,O046018,18400
R003928,O046024,83509
R003929,O046040,16491
R003930,O046051,32216
R003931,O046061,1072
R003932,O046085,3957
R003933,O046105,5277
R003934,O046106,44196
R003935,O046129,6323
R003936,O046140,4563
R003937,O046164,22369
R003938,O046196,6884
R003939,O046215,25388
R003940,O046230,25968
R003941,O046248,13055
R003942,O046297,19237
R003943,O046298,3740
R003944,O046309,12501
R003945,O046322,4632
R003946,O046338,20250
R003947,O046353,17436
R003948,O046375,20752
R003949,O046398,58059
R003950,O046432,13022
R003951,O046438,26319
R003952,O046441,19103
R003953,O046466,4754
R003954,O046505,21562
R003955,O046507,1766
R003956,O046512,36735
R003957,O046515,22013
R003958,O046525,18327
R003959,O046545,33414
R003960,O046553,36356
R003961,O046564,32516
R003962,O046583,9768
R003963,O046584,13054
R003964,O046587,3240
R003965,O046589,40023
R003966,O046617,19299
R003967,O046639,12195
R003968,O046643,20827
R003969,O046646,40469
R003970,O046666,35689
R003971,O046671,77976
R003972,O046676,6411
R003973,O046688,21025
R003974,O046694,29015
R003975,O046696,33809
R003976,O046698,52338
R003977,O046702,42440
R003978,O046703,14985
R003979,O046716,15797
R003980,O046723,25838
R003981,O046726,3947
R003982,O046749,17818
R003983,O046773,18063
R003984,O046807,4972
R003985,O046815,7399
R003986,O046822,3486
R003987,O046828,74181
R003988,O046835,37054
R003989,O046841,54932
R003990,O046845,5731
R003991,O046915,14364
R003992,O046921,5681
R003993,O046927,77631
R003994,O046929,1735
R003995,O046939,41348
R003996,O046941,6750
R003997,O046955,20809
R003998,O046957,23851
R003999,O046989,67597
R004000,O046995,40349
R004001,O046996,7583
R004002,O046998,10190
R004003,O046999,36283
R004004,O047041,1483
R004005,O047045,21890
R004006,O047051,14245
R004007,O047052,19261
R004008,O047066,4780
R004009,O047069,39745
R004010,O047070,5684
R004011,O047095,30483
R004012,O047146,43475
R004013,O047165,9213
R004014,O047176,38717
R004015,O047189,6294
R004016,O047193,7772
R004017,O047194,7038
R004018,O047244,31299
R004019,O047247,39185
R004020,O047254,10352
R004021,O047275,12081
R004022,O047280,34952
R004023,O047308,45504
R004024,O047319,21344
R004025,O047320,34041
R004026,O047321,11924
R004027,O047327,18509
R004028,O047340,4393
R004029,O047343,10548
R004030,O047350,26547
R004031,O047360,12539
R004032,O047368,3467
R004033,O047383,5550
R004034,O047404,33759
R004035,O047424,20563
R004036,O047426,28303
R004037,O047439,49197
R004038,O047443,4861
R004039,O047461,8533
R004040,O047473,74001
R004041,O047493,81577
R004042,O047504,65017
R004043,O047531,3547
R004044,O047539,65541
R004045,O047540,9055
R004046,O047545,20762
R004047,O047547,13247
R004048,O047557,8526
R004049,O047561,46126
R004050,O047563,13584
R004051,O047584,16495
R004052,O047587,12757
R004053,O047602,13298
R004054,O047625,20920
R004055,O047628,78531
R004056,O047639,7039
R004057,O047640,35948
R004058,O047646,24547
R004059,O047664,39147
R004060,O047677,34805
R004061,O047690,22268
R004062,O047711,7602
R004063,O047733,5235
R004064,O047771,93970
R004065,O047791,43308
R004066,O047821,32826
R004067,O047840,26481
R004068,O047844,883
R004069,O047852,34870
R004070,O047855,58133
R004071,O047865,16798
R004072,O047926,27914
R004073,O047927,51920
R004074,O047929,72945
R004075,O047933,6286
R004076,O047937,2382
R004077,O047940,19708
R004078,O047948,38609
R004079,O047974,34582
R004080,O047982,32846
R004081,O048000,17148
R004082,O048010,30989
R004083,O048032,65786
R004084,O048034,1675
R004085,O048038,27495
R004086,O048040,14436
R004087,O048064,8096
R004088,O048129,69852
R004089,O048172,5703
R004090,O048253,5154
R004091,O048258,67132
R004092,O048260,7117
R004093,O048264,36941
R004094,O048273,6152
R004095,O048311,34434
R004096,O048324,16349
R004097,O048383,40107
R004098,O048390,31362
R004099,O048397,34669
R004100,O048401,52902
R004101,O048431,34766
R004102,O048445,25753
R004103,O048467,3204
R004104,O048484,20927
R004105,O048485,20846
R004106,O048494,73748
R004107,O048497,19376
R004108,O048503,4161
R004109,O048517,13632
R004110,O048518,13011
R004111,O048537,5585
R004112,O048539,11595
R004113,O048546,3930
R004114,O048550,15133
R004115,O048563,18708
R004116,O048572,61880
R004117,O048578,44986
R004118,O048584,20478
R004119,O048593,22914
R004120,O048628,11248
R004121,O048633,74762
R004122,O048646,70265
R004123,O048647,45842
R004124,O048650,25262
R004125,O048673,19232
R004126,O048685,65954
R004127,O048687,40596
R004128,O048702,27588
R004129,O048708,5729
R004130,O048714,9261
R004131,O048716,8758
R004132,O048723,31431
R004133,O048738,23200
R004134,O048756,40691
R004135,O048762,8229
R004136,O048773,58635
R004137,O048775,73995
R004138,O048794,4695
R004139,O048803,4325
R004140,O048836,83023
R004141,O048852,4362
R004142,O048931,53719
R004143,O048933,11643
R004144,O049008,83897
R004145,O049011,69556
R004146,O049017,8078
R004147,O049019,20622
R004148,O049022,7161
R004149,O049040,25387
R004150,O049053,47829
R004151,O049054,2743
R004152,O049059,59688
R004153,O049074,20199
R004154,O049084,82706
R004155,O049091,20142
R004156,O049093,72785
R004157,O049096,19580
R004158,O049103,4867
R004159,O049104,11111
R004160,O049112,20517
R004161,O049119,3130
R004162,O049123,15224
R004163,O049127,7482
R004164,O049130,14960
R004165,O049180,47486
R004166,O049190,5950
R004167,O049208,50783
R004168,O049222,2356
R004169,O049239,44065
R004170,O049275,74297
R004171,O049290,13968
R004172,O049327,12791
R004173,O049328,3732
R004174,O049363,77950
R004175,O049366,41441
R004176,O049374,2969
R004177,O049383,71140
R004178,O049414,47470
R004179,O049422,12873
R004180,O049435,91906
R004181,O049445,4502
R004182,O049452,20994
R004183,O049457,3537
R004184,O049460,14324
R004185,O049493,53832
R004186,O049500,20181
R004187,O049524,77021
R004188,O049535,10942
R004189,O049536,23429
R004190,O049541,26579
R004191,O049549,43344
R004192,O049561,14148
R004193,O049564,2915
R004194,O049570,53458
R004195,O049586,5314
R004196,O049597,11137
R004197,O049611,11995
R004198,O049614,8146
R004199,O049635,25189
R004200,O049642,35540
R004201,O049645,21008
R004202,O049676,7368
R004203,O049684,11903
R004204,O049692,63771
R004205,O049701,19191
R004206,O049714,42547
R004207,O049747,41517
R004208,O049766,63182
R004209,O049768,3850
R004210,O049774,79555
R004211,O049777,8808
R004212,O049781,12995
R004213,O049790,18655
R004214,O049792,21734
R004215,O049816,70098
R004216,O049836,58141
R004217,O049858,19397
R004218,O049880,6627
R004219,O049899,20213
R004220,O049913,18501
R004221,O049919,15604
R004222,O049922,63807
R004223,O049930,3764
R004224,O049931,31020
R004225,O049932,85435
R004226,O049933,12201
R004227,O049939,8614
R004228,O049953,11010
R004229,O049961,18709
R004230,O049962,9219
R004231,O049967,29110
R004232,O049977,33004
R004233,O049990,13365
R004234,O049994,32718
R004235,O049995,83962
